==15620== NVPROF is profiling process 15620, command: ./sortingNetworks 0
==15620== Some kernel(s) will be replayed on device 0 in order to collect all events/metrics.
==15620== Profiling application: ./sortingNetworks 0
==15620== Profiling result:
==15620== Metric result:
"Device","Kernel","Invocations","Metric Name","Metric Description","Min","Max","Avg"
"GeForce GTX 950 (0)","bitonicSortShared(unsigned int*, unsigned int*, unsigned int*, unsigned int*, unsigned int, unsigned int)",5,"sm_efficiency","Multiprocessor Activity",99.229328%,99.465946%,99.370298%
"GeForce GTX 950 (0)","bitonicSortShared(unsigned int*, unsigned int*, unsigned int*, unsigned int*, unsigned int, unsigned int)",5,"achieved_occupancy","Achieved Occupancy",0.985496,0.990730,0.988627
"GeForce GTX 950 (0)","bitonicSortShared(unsigned int*, unsigned int*, unsigned int*, unsigned int*, unsigned int, unsigned int)",5,"ipc","Executed IPC",1.659171,1.777069,1.714075
"GeForce GTX 950 (0)","bitonicSortShared(unsigned int*, unsigned int*, unsigned int*, unsigned int*, unsigned int, unsigned int)",5,"issued_ipc","Issued IPC",1.659795,1.777562,1.714463
"GeForce GTX 950 (0)","bitonicSortShared(unsigned int*, unsigned int*, unsigned int*, unsigned int*, unsigned int, unsigned int)",5,"inst_per_warp","Instructions per warp",593.000000,1419.644226,985.318433
"GeForce GTX 950 (0)","bitonicSortShared(unsigned int*, unsigned int*, unsigned int*, unsigned int*, unsigned int, unsigned int)",5,"branch_efficiency","Branch Efficiency",100.000000%,100.000000%,100.000000%
"GeForce GTX 950 (0)","bitonicSortShared(unsigned int*, unsigned int*, unsigned int*, unsigned int*, unsigned int, unsigned int)",5,"warp_execution_efficiency","Warp Execution Efficiency",87.498414%,88.229116%,87.769938%
"GeForce GTX 950 (0)","bitonicSortShared(unsigned int*, unsigned int*, unsigned int*, unsigned int*, unsigned int, unsigned int)",5,"warp_nonpred_execution_efficiency","Warp Non-Predicated Execution Efficiency",83.474682%,84.741929%,83.998910%
"GeForce GTX 950 (0)","bitonicSortShared(unsigned int*, unsigned int*, unsigned int*, unsigned int*, unsigned int, unsigned int)",5,"inst_replay_overhead","Instruction Replay Overhead",0.000033,0.000079,0.000052
"GeForce GTX 950 (0)","bitonicSortShared(unsigned int*, unsigned int*, unsigned int*, unsigned int*, unsigned int, unsigned int)",5,"issue_slot_utilization","Issue Slot Utilization",37.856483%,40.557623%,39.119620%
"GeForce GTX 950 (0)","bitonicSortShared(unsigned int*, unsigned int*, unsigned int*, unsigned int*, unsigned int, unsigned int)",5,"shared_load_transactions_per_request","Shared Memory Load Transactions Per Request",1.704967,1.880882,1.790482
"GeForce GTX 950 (0)","bitonicSortShared(unsigned int*, unsigned int*, unsigned int*, unsigned int*, unsigned int, unsigned int)",5,"shared_store_transactions_per_request","Shared Memory Store Transactions Per Request",1.695003,1.852672,1.769081
"GeForce GTX 950 (0)","bitonicSortShared(unsigned int*, unsigned int*, unsigned int*, unsigned int*, unsigned int, unsigned int)",5,"local_load_transactions_per_request","Local Memory Load Transactions Per Request",0.000000,0.000000,0.000000
"GeForce GTX 950 (0)","bitonicSortShared(unsigned int*, unsigned int*, unsigned int*, unsigned int*, unsigned int, unsigned int)",5,"local_store_transactions_per_request","Local Memory Store Transactions Per Request",0.000000,0.000000,0.000000
"GeForce GTX 950 (0)","bitonicSortShared(unsigned int*, unsigned int*, unsigned int*, unsigned int*, unsigned int, unsigned int)",5,"gld_transactions_per_request","Global Load Transactions Per Request",8.000000,8.000000,8.000000
"GeForce GTX 950 (0)","bitonicSortShared(unsigned int*, unsigned int*, unsigned int*, unsigned int*, unsigned int, unsigned int)",5,"gst_transactions_per_request","Global Store Transactions Per Request",4.000000,4.000000,4.000000
"GeForce GTX 950 (0)","bitonicSortShared(unsigned int*, unsigned int*, unsigned int*, unsigned int*, unsigned int, unsigned int)",5,"shared_store_transactions","Shared Store Transactions",2671168,5818316,4206199
"GeForce GTX 950 (0)","bitonicSortShared(unsigned int*, unsigned int*, unsigned int*, unsigned int*, unsigned int, unsigned int)",5,"shared_load_transactions","Shared Load Transactions",2711840,6054886,4331323
"GeForce GTX 950 (0)","bitonicSortShared(unsigned int*, unsigned int*, unsigned int*, unsigned int*, unsigned int, unsigned int)",5,"local_load_transactions","Local Load Transactions",0,0,0
"GeForce GTX 950 (0)","bitonicSortShared(unsigned int*, unsigned int*, unsigned int*, unsigned int*, unsigned int, unsigned int)",5,"local_store_transactions","Local Store Transactions",0,0,0
"GeForce GTX 950 (0)","bitonicSortShared(unsigned int*, unsigned int*, unsigned int*, unsigned int*, unsigned int, unsigned int)",5,"gld_transactions","Global Load Transactions",524288,524288,524288
"GeForce GTX 950 (0)","bitonicSortShared(unsigned int*, unsigned int*, unsigned int*, unsigned int*, unsigned int, unsigned int)",5,"gst_transactions","Global Store Transactions",262144,262144,262144
"GeForce GTX 950 (0)","bitonicSortShared(unsigned int*, unsigned int*, unsigned int*, unsigned int*, unsigned int, unsigned int)",5,"dram_read_transactions","Device Memory Read Transactions",262151,262207,262184
"GeForce GTX 950 (0)","bitonicSortShared(unsigned int*, unsigned int*, unsigned int*, unsigned int*, unsigned int, unsigned int)",5,"dram_write_transactions","Device Memory Write Transactions",261788,261972,261918
"GeForce GTX 950 (0)","bitonicSortShared(unsigned int*, unsigned int*, unsigned int*, unsigned int*, unsigned int, unsigned int)",5,"global_hit_rate","Global Hit Rate",50.000000%,50.000000%,50.000000%
"GeForce GTX 950 (0)","bitonicSortShared(unsigned int*, unsigned int*, unsigned int*, unsigned int*, unsigned int, unsigned int)",5,"local_hit_rate","Local Hit Rate",0.000000%,0.000000%,0.000000%
"GeForce GTX 950 (0)","bitonicSortShared(unsigned int*, unsigned int*, unsigned int*, unsigned int*, unsigned int, unsigned int)",5,"gld_requested_throughput","Requested Global Load Throughput",4.728155GB/s,10.563756GB/s,6.611459GB/s
"GeForce GTX 950 (0)","bitonicSortShared(unsigned int*, unsigned int*, unsigned int*, unsigned int*, unsigned int, unsigned int)",5,"gst_requested_throughput","Requested Global Store Throughput",4.728155GB/s,10.563756GB/s,6.611459GB/s
"GeForce GTX 950 (0)","bitonicSortShared(unsigned int*, unsigned int*, unsigned int*, unsigned int*, unsigned int, unsigned int)",5,"gld_throughput","Global Load Throughput",4.728155GB/s,10.563756GB/s,6.611459GB/s
"GeForce GTX 950 (0)","bitonicSortShared(unsigned int*, unsigned int*, unsigned int*, unsigned int*, unsigned int, unsigned int)",5,"gst_throughput","Global Store Throughput",4.728155GB/s,10.563756GB/s,6.611459GB/s
"GeForce GTX 950 (0)","bitonicSortShared(unsigned int*, unsigned int*, unsigned int*, unsigned int*, unsigned int, unsigned int)",5,"dram_read_throughput","Device Memory Read Throughput",4.729291GB/s,10.564038GB/s,6.612390GB/s
"GeForce GTX 950 (0)","bitonicSortShared(unsigned int*, unsigned int*, unsigned int*, unsigned int*, unsigned int, unsigned int)",5,"dram_write_throughput","Device Memory Write Throughput",4.724872GB/s,10.556180GB/s,6.605871GB/s
"GeForce GTX 950 (0)","bitonicSortShared(unsigned int*, unsigned int*, unsigned int*, unsigned int*, unsigned int, unsigned int)",5,"tex_cache_throughput","Unified Cache Throughput",4.728155GB/s,10.563756GB/s,6.611459GB/s
"GeForce GTX 950 (0)","bitonicSortShared(unsigned int*, unsigned int*, unsigned int*, unsigned int*, unsigned int, unsigned int)",5,"local_load_throughput","Local Memory Load Throughput",0.000000B/s,0.000000B/s,0.000000B/s
"GeForce GTX 950 (0)","bitonicSortShared(unsigned int*, unsigned int*, unsigned int*, unsigned int*, unsigned int, unsigned int)",5,"local_store_throughput","Local Memory Store Throughput",0.000000B/s,0.000000B/s,0.000000B/s
"GeForce GTX 950 (0)","bitonicSortShared(unsigned int*, unsigned int*, unsigned int*, unsigned int*, unsigned int, unsigned int)",5,"shared_load_throughput","Shared Memory Load Throughput",436.832636GB/s,437.779285GB/s,437.023118GB/s
"GeForce GTX 950 (0)","bitonicSortShared(unsigned int*, unsigned int*, unsigned int*, unsigned int*, unsigned int, unsigned int)",5,"shared_store_throughput","Shared Memory Store Throughput",419.767721GB/s,430.565919GB/s,424.399041GB/s
"GeForce GTX 950 (0)","bitonicSortShared(unsigned int*, unsigned int*, unsigned int*, unsigned int*, unsigned int, unsigned int)",5,"gld_efficiency","Global Memory Load Efficiency",100.000000%,100.000000%,100.000000%
"GeForce GTX 950 (0)","bitonicSortShared(unsigned int*, unsigned int*, unsigned int*, unsigned int*, unsigned int, unsigned int)",5,"gst_efficiency","Global Memory Store Efficiency",100.000000%,100.000000%,100.000000%
"GeForce GTX 950 (0)","bitonicSortShared(unsigned int*, unsigned int*, unsigned int*, unsigned int*, unsigned int, unsigned int)",5,"tex_cache_transactions","Unified Cache Transactions",262144,262144,262144
"GeForce GTX 950 (0)","bitonicSortShared(unsigned int*, unsigned int*, unsigned int*, unsigned int*, unsigned int, unsigned int)",5,"cf_fu_utilization","Control-Flow Function Unit Utilization","Low (1)","Low (1)","Low (1)"
"GeForce GTX 950 (0)","bitonicSortShared(unsigned int*, unsigned int*, unsigned int*, unsigned int*, unsigned int, unsigned int)",5,"tex_fu_utilization","Texture Function Unit Utilization","Low (1)","Low (1)","Low (1)"
"GeForce GTX 950 (0)","bitonicSortShared(unsigned int*, unsigned int*, unsigned int*, unsigned int*, unsigned int, unsigned int)",5,"ldst_fu_utilization","Load/Store Function Unit Utilization","Low (3)","Mid (4)","Low (3)"
"GeForce GTX 950 (0)","bitonicSortShared(unsigned int*, unsigned int*, unsigned int*, unsigned int*, unsigned int, unsigned int)",5,"double_precision_fu_utilization","Double-Precision Function Unit Utilization","Idle (0)","Idle (0)","Idle (0)"
"GeForce GTX 950 (0)","bitonicSortShared(unsigned int*, unsigned int*, unsigned int*, unsigned int*, unsigned int, unsigned int)",5,"special_fu_utilization","Special Function Unit Utilization","Idle (0)","Idle (0)","Idle (0)"
"GeForce GTX 950 (0)","bitonicSortShared(unsigned int*, unsigned int*, unsigned int*, unsigned int*, unsigned int, unsigned int)",5,"single_precision_fu_utilization","Single-Precision Function Unit Utilization","Low (3)","Low (3)","Low (3)"
"GeForce GTX 950 (0)","bitonicSortShared(unsigned int*, unsigned int*, unsigned int*, unsigned int*, unsigned int, unsigned int)",5,"flop_count_dp","Floating Point Operations(Double Precision)",0,0,0
"GeForce GTX 950 (0)","bitonicSortShared(unsigned int*, unsigned int*, unsigned int*, unsigned int*, unsigned int, unsigned int)",5,"flop_count_dp_add","Floating Point Operations(Double Precision Add)",0,0,0
"GeForce GTX 950 (0)","bitonicSortShared(unsigned int*, unsigned int*, unsigned int*, unsigned int*, unsigned int, unsigned int)",5,"flop_count_dp_fma","Floating Point Operations(Double Precision FMA)",0,0,0
"GeForce GTX 950 (0)","bitonicSortShared(unsigned int*, unsigned int*, unsigned int*, unsigned int*, unsigned int, unsigned int)",5,"flop_count_dp_mul","Floating Point Operations(Double Precision Mul)",0,0,0
"GeForce GTX 950 (0)","bitonicSortShared(unsigned int*, unsigned int*, unsigned int*, unsigned int*, unsigned int, unsigned int)",5,"flop_count_sp","Floating Point Operations(Single Precision)",0,0,0
"GeForce GTX 950 (0)","bitonicSortShared(unsigned int*, unsigned int*, unsigned int*, unsigned int*, unsigned int, unsigned int)",5,"flop_count_sp_add","Floating Point Operations(Single Precision Add)",0,0,0
"GeForce GTX 950 (0)","bitonicSortShared(unsigned int*, unsigned int*, unsigned int*, unsigned int*, unsigned int, unsigned int)",5,"flop_count_sp_fma","Floating Point Operations(Single Precision FMA)",0,0,0
"GeForce GTX 950 (0)","bitonicSortShared(unsigned int*, unsigned int*, unsigned int*, unsigned int*, unsigned int, unsigned int)",5,"flop_count_sp_mul","Floating Point Operation(Single Precision Mul)",0,0,0
"GeForce GTX 950 (0)","bitonicSortShared(unsigned int*, unsigned int*, unsigned int*, unsigned int*, unsigned int, unsigned int)",5,"flop_count_sp_special","Floating Point Operations(Single Precision Special)",0,0,0
"GeForce GTX 950 (0)","bitonicSortShared(unsigned int*, unsigned int*, unsigned int*, unsigned int*, unsigned int, unsigned int)",5,"inst_executed","Instructions Executed",9715712,23259451,16143457
"GeForce GTX 950 (0)","bitonicSortShared(unsigned int*, unsigned int*, unsigned int*, unsigned int*, unsigned int, unsigned int)",5,"inst_issued","Instructions Issued",9716480,23260219,16144225
"GeForce GTX 950 (0)","bitonicSortShared(unsigned int*, unsigned int*, unsigned int*, unsigned int*, unsigned int, unsigned int)",5,"dram_utilization","Device Memory Utilization","Low (1)","Low (3)","Low (2)"
"GeForce GTX 950 (0)","bitonicSortShared(unsigned int*, unsigned int*, unsigned int*, unsigned int*, unsigned int, unsigned int)",5,"tex_utilization","Unified Cache Utilization","Low (1)","Low (1)","Low (1)"
"GeForce GTX 950 (0)","bitonicSortShared(unsigned int*, unsigned int*, unsigned int*, unsigned int*, unsigned int, unsigned int)",5,"shared_efficiency","Shared Memory Efficiency",34.394742%,39.056251%,36.591891%
"GeForce GTX 950 (0)","bitonicSortShared(unsigned int*, unsigned int*, unsigned int*, unsigned int*, unsigned int, unsigned int)",5,"shared_utilization","Shared Memory Utilization","Max (10)","Max (10)","Max (10)"
"GeForce GTX 950 (0)","bitonicSortShared(unsigned int*, unsigned int*, unsigned int*, unsigned int*, unsigned int, unsigned int)",5,"inst_fp_32","FP Instructions(Single)",0,0,0
"GeForce GTX 950 (0)","bitonicSortShared(unsigned int*, unsigned int*, unsigned int*, unsigned int*, unsigned int, unsigned int)",5,"inst_fp_64","FP Instructions(Double)",0,0,0
"GeForce GTX 950 (0)","bitonicSortShared(unsigned int*, unsigned int*, unsigned int*, unsigned int*, unsigned int, unsigned int)",5,"inst_integer","Integer Instructions",137363456,330301440,228589568
"GeForce GTX 950 (0)","bitonicSortShared(unsigned int*, unsigned int*, unsigned int*, unsigned int*, unsigned int, unsigned int)",5,"inst_bit_convert","Bit-Convert Instructions",0,0,0
"GeForce GTX 950 (0)","bitonicSortShared(unsigned int*, unsigned int*, unsigned int*, unsigned int*, unsigned int, unsigned int)",5,"inst_control","Control-Flow Instructions",32505856,85983232,57671680
"GeForce GTX 950 (0)","bitonicSortShared(unsigned int*, unsigned int*, unsigned int*, unsigned int*, unsigned int, unsigned int)",5,"inst_compute_ld_st","Load/Store Instructions",63441398,152585586,105386924
"GeForce GTX 950 (0)","bitonicSortShared(unsigned int*, unsigned int*, unsigned int*, unsigned int*, unsigned int, unsigned int)",5,"inst_misc","Misc Instructions",26214400,61865984,42991616
"GeForce GTX 950 (0)","bitonicSortShared(unsigned int*, unsigned int*, unsigned int*, unsigned int*, unsigned int, unsigned int)",5,"inst_inter_thread_communication","Inter-Thread Instructions",0,0,0
"GeForce GTX 950 (0)","bitonicSortShared(unsigned int*, unsigned int*, unsigned int*, unsigned int*, unsigned int, unsigned int)",5,"issue_slots","Issue Slots",8864512,21228603,14735201
"GeForce GTX 950 (0)","bitonicSortShared(unsigned int*, unsigned int*, unsigned int*, unsigned int*, unsigned int, unsigned int)",5,"cf_issued","Issued Control-Flow Instructions",1589248,3889197,2680699
"GeForce GTX 950 (0)","bitonicSortShared(unsigned int*, unsigned int*, unsigned int*, unsigned int*, unsigned int, unsigned int)",5,"cf_executed","Executed Control-Flow Instructions",1589248,3889197,2680699
"GeForce GTX 950 (0)","bitonicSortShared(unsigned int*, unsigned int*, unsigned int*, unsigned int*, unsigned int, unsigned int)",5,"ldst_issued","Issued Load/Store Instructions",3801088,8458510,6024421
"GeForce GTX 950 (0)","bitonicSortShared(unsigned int*, unsigned int*, unsigned int*, unsigned int*, unsigned int, unsigned int)",5,"ldst_executed","Executed Load/Store Instructions",3407872,8065294,5631205
"GeForce GTX 950 (0)","bitonicSortShared(unsigned int*, unsigned int*, unsigned int*, unsigned int*, unsigned int, unsigned int)",5,"atomic_transactions","Atomic Transactions",0,0,0
"GeForce GTX 950 (0)","bitonicSortShared(unsigned int*, unsigned int*, unsigned int*, unsigned int*, unsigned int, unsigned int)",5,"atomic_transactions_per_request","Atomic Transactions Per Request",0.000000,0.000000,0.000000
"GeForce GTX 950 (0)","bitonicSortShared(unsigned int*, unsigned int*, unsigned int*, unsigned int*, unsigned int, unsigned int)",5,"stall_inst_fetch","Issue Stall Reasons (Instructions Fetch)",3.459090%,4.060212%,3.738268%
"GeForce GTX 950 (0)","bitonicSortShared(unsigned int*, unsigned int*, unsigned int*, unsigned int*, unsigned int, unsigned int)",5,"stall_exec_dependency","Issue Stall Reasons (Execution Dependency)",50.593958%,54.690668%,52.626278%
"GeForce GTX 950 (0)","bitonicSortShared(unsigned int*, unsigned int*, unsigned int*, unsigned int*, unsigned int, unsigned int)",5,"stall_memory_dependency","Issue Stall Reasons (Data Request)",1.132708%,2.682150%,1.769567%
"GeForce GTX 950 (0)","bitonicSortShared(unsigned int*, unsigned int*, unsigned int*, unsigned int*, unsigned int, unsigned int)",5,"stall_texture","Issue Stall Reasons (Texture)",0.000264%,0.000786%,0.000448%
"GeForce GTX 950 (0)","bitonicSortShared(unsigned int*, unsigned int*, unsigned int*, unsigned int*, unsigned int, unsigned int)",5,"stall_sync","Issue Stall Reasons (Synchronization)",24.621979%,27.840069%,26.434757%
"GeForce GTX 950 (0)","bitonicSortShared(unsigned int*, unsigned int*, unsigned int*, unsigned int*, unsigned int, unsigned int)",5,"stall_other","Issue Stall Reasons (Other)",11.730411%,13.895454%,12.821647%
"GeForce GTX 950 (0)","bitonicSortShared(unsigned int*, unsigned int*, unsigned int*, unsigned int*, unsigned int, unsigned int)",5,"stall_constant_memory_dependency","Issue Stall Reasons (Immediate constant)",0.019275%,0.043405%,0.029819%
"GeForce GTX 950 (0)","bitonicSortShared(unsigned int*, unsigned int*, unsigned int*, unsigned int*, unsigned int, unsigned int)",5,"stall_pipe_busy","Issue Stall Reasons (Pipe Busy)",0.907803%,1.072550%,0.985465%
"GeForce GTX 950 (0)","bitonicSortShared(unsigned int*, unsigned int*, unsigned int*, unsigned int*, unsigned int, unsigned int)",5,"stall_memory_throttle","Issue Stall Reasons (Memory Throttle)",0.233768%,0.526218%,0.355209%
"GeForce GTX 950 (0)","bitonicSortShared(unsigned int*, unsigned int*, unsigned int*, unsigned int*, unsigned int, unsigned int)",5,"stall_not_selected","Issue Stall Reasons (Not Selected)",1.172743%,1.316486%,1.238541%
"GeForce GTX 950 (0)","bitonicSortShared(unsigned int*, unsigned int*, unsigned int*, unsigned int*, unsigned int, unsigned int)",5,"sysmem_read_transactions","System Memory Read Transactions",0,0,0
"GeForce GTX 950 (0)","bitonicSortShared(unsigned int*, unsigned int*, unsigned int*, unsigned int*, unsigned int, unsigned int)",5,"sysmem_write_transactions","System Memory Write Transactions",5,5,5
"GeForce GTX 950 (0)","bitonicSortShared(unsigned int*, unsigned int*, unsigned int*, unsigned int*, unsigned int, unsigned int)",5,"l2_read_transactions","L2 Read Transactions",262183,262299,262251
"GeForce GTX 950 (0)","bitonicSortShared(unsigned int*, unsigned int*, unsigned int*, unsigned int*, unsigned int, unsigned int)",5,"l2_write_transactions","L2 Write Transactions",262150,262150,262150
"GeForce GTX 950 (0)","bitonicSortShared(unsigned int*, unsigned int*, unsigned int*, unsigned int*, unsigned int, unsigned int)",5,"ecc_transactions","ECC Transactions",0,0,0
"GeForce GTX 950 (0)","bitonicSortShared(unsigned int*, unsigned int*, unsigned int*, unsigned int*, unsigned int, unsigned int)",5,"local_memory_overhead","Local Memory Overhead",0.000000%,0.000000%,0.000000%
"GeForce GTX 950 (0)","bitonicSortShared(unsigned int*, unsigned int*, unsigned int*, unsigned int*, unsigned int, unsigned int)",5,"tex_cache_hit_rate","Unified Cache Hit Rate",50.000000%,50.000000%,50.000000%
"GeForce GTX 950 (0)","bitonicSortShared(unsigned int*, unsigned int*, unsigned int*, unsigned int*, unsigned int, unsigned int)",5,"l2_tex_read_hit_rate","L2 Hit Rate (Texture Reads)",0.000000%,0.000000%,0.000000%
"GeForce GTX 950 (0)","bitonicSortShared(unsigned int*, unsigned int*, unsigned int*, unsigned int*, unsigned int, unsigned int)",5,"l2_tex_write_hit_rate","L2 Hit Rate (Texture Writes)",0.000000%,0.000000%,0.000000%
"GeForce GTX 950 (0)","bitonicSortShared(unsigned int*, unsigned int*, unsigned int*, unsigned int*, unsigned int, unsigned int)",5,"l2_tex_read_throughput","L2 Throughput (Texture Reads)",4.728155GB/s,10.563756GB/s,6.611459GB/s
"GeForce GTX 950 (0)","bitonicSortShared(unsigned int*, unsigned int*, unsigned int*, unsigned int*, unsigned int, unsigned int)",5,"l2_tex_write_throughput","L2 Throughput (Texture Writes)",4.728155GB/s,10.563756GB/s,6.611459GB/s
"GeForce GTX 950 (0)","bitonicSortShared(unsigned int*, unsigned int*, unsigned int*, unsigned int*, unsigned int, unsigned int)",5,"l2_tex_read_transactions","L2 Transactions (Texture Reads)",262144,262144,262144
"GeForce GTX 950 (0)","bitonicSortShared(unsigned int*, unsigned int*, unsigned int*, unsigned int*, unsigned int, unsigned int)",5,"l2_tex_write_transactions","L2 Transactions (Texture Writes)",262144,262144,262144
"GeForce GTX 950 (0)","bitonicSortShared(unsigned int*, unsigned int*, unsigned int*, unsigned int*, unsigned int, unsigned int)",5,"l2_read_throughput","L2 Throughput (Reads)",4.730950GB/s,10.569841GB/s,6.614253GB/s
"GeForce GTX 950 (0)","bitonicSortShared(unsigned int*, unsigned int*, unsigned int*, unsigned int*, unsigned int, unsigned int)",5,"l2_write_throughput","L2 Throughput (Writes)",4.728263GB/s,10.563998GB/s,6.611459GB/s
"GeForce GTX 950 (0)","bitonicSortShared(unsigned int*, unsigned int*, unsigned int*, unsigned int*, unsigned int, unsigned int)",5,"sysmem_read_throughput","System Memory Read Throughput",0.000000B/s,0.000000B/s,0.000000B/s
"GeForce GTX 950 (0)","bitonicSortShared(unsigned int*, unsigned int*, unsigned int*, unsigned int*, unsigned int, unsigned int)",5,"sysmem_write_throughput","System Memory Write Throughput",94.562500KB/s,211.274414KB/s,0.000000B/s
"GeForce GTX 950 (0)","bitonicSortShared(unsigned int*, unsigned int*, unsigned int*, unsigned int*, unsigned int, unsigned int)",5,"l2_utilization","L2 Cache Utilization","Low (1)","Low (1)","Low (1)"
"GeForce GTX 950 (0)","bitonicSortShared(unsigned int*, unsigned int*, unsigned int*, unsigned int*, unsigned int, unsigned int)",5,"l2_atomic_throughput","L2 Throughput (Atomic requests)",0.000000B/s,0.000000B/s,0.000000B/s
"GeForce GTX 950 (0)","bitonicSortShared(unsigned int*, unsigned int*, unsigned int*, unsigned int*, unsigned int, unsigned int)",5,"l2_atomic_transactions","L2 Transactions (Atomic requests)",0,0,0
"GeForce GTX 950 (0)","bitonicSortShared(unsigned int*, unsigned int*, unsigned int*, unsigned int*, unsigned int, unsigned int)",5,"sysmem_utilization","System Memory Utilization","Low (1)","Low (1)","Low (1)"
"GeForce GTX 950 (0)","bitonicSortShared(unsigned int*, unsigned int*, unsigned int*, unsigned int*, unsigned int, unsigned int)",5,"ecc_throughput","ECC Throughput",0.000000B/s,0.000000B/s,0.000000B/s
"GeForce GTX 950 (0)","bitonicSortShared(unsigned int*, unsigned int*, unsigned int*, unsigned int*, unsigned int, unsigned int)",5,"sysmem_read_utilization","System Memory Read Utilization","Idle (0)","Idle (0)","Idle (0)"
"GeForce GTX 950 (0)","bitonicSortShared(unsigned int*, unsigned int*, unsigned int*, unsigned int*, unsigned int, unsigned int)",5,"sysmem_write_utilization","System Memory Write Utilization","Low (1)","Low (1)","Low (1)"
"GeForce GTX 950 (0)","bitonicSortShared(unsigned int*, unsigned int*, unsigned int*, unsigned int*, unsigned int, unsigned int)",5,"eligible_warps_per_cycle","Eligible Warps Per Active Cycle",2.235996,2.433839,2.328266
"GeForce GTX 950 (0)","bitonicSortShared(unsigned int*, unsigned int*, unsigned int*, unsigned int*, unsigned int, unsigned int)",5,"flop_sp_efficiency","FLOP Efficiency(Peak Single)",0.000000%,0.000000%,0.000000%
"GeForce GTX 950 (0)","bitonicSortShared(unsigned int*, unsigned int*, unsigned int*, unsigned int*, unsigned int, unsigned int)",5,"flop_dp_efficiency","FLOP Efficiency(Peak Double)",0.000000%,0.000000%,0.000000%
"GeForce GTX 950 (0)","bitonicMergeShared(unsigned int*, unsigned int*, unsigned int*, unsigned int*, unsigned int, unsigned int, unsigned int)",55,"sm_efficiency","Multiprocessor Activity",98.488458%,98.914097%,98.732766%
"GeForce GTX 950 (0)","bitonicMergeShared(unsigned int*, unsigned int*, unsigned int*, unsigned int*, unsigned int, unsigned int, unsigned int)",55,"achieved_occupancy","Achieved Occupancy",0.966763,0.967901,0.967440
"GeForce GTX 950 (0)","bitonicMergeShared(unsigned int*, unsigned int*, unsigned int*, unsigned int*, unsigned int, unsigned int, unsigned int)",55,"ipc","Executed IPC",1.640697,1.707185,1.671076
"GeForce GTX 950 (0)","bitonicMergeShared(unsigned int*, unsigned int*, unsigned int*, unsigned int*, unsigned int, unsigned int, unsigned int)",55,"issued_ipc","Issued IPC",1.637541,1.707057,1.672229
"GeForce GTX 950 (0)","bitonicMergeShared(unsigned int*, unsigned int*, unsigned int*, unsigned int*, unsigned int, unsigned int, unsigned int)",55,"inst_per_warp","Instructions per warp",216.952271,217.580750,217.089440
"GeForce GTX 950 (0)","bitonicMergeShared(unsigned int*, unsigned int*, unsigned int*, unsigned int*, unsigned int, unsigned int, unsigned int)",55,"branch_efficiency","Branch Efficiency",100.000000%,100.000000%,100.000000%
"GeForce GTX 950 (0)","bitonicMergeShared(unsigned int*, unsigned int*, unsigned int*, unsigned int*, unsigned int, unsigned int, unsigned int)",55,"warp_execution_efficiency","Warp Execution Efficiency",90.514811%,94.535403%,90.706869%
"GeForce GTX 950 (0)","bitonicMergeShared(unsigned int*, unsigned int*, unsigned int*, unsigned int*, unsigned int, unsigned int, unsigned int)",55,"warp_nonpred_execution_efficiency","Warp Non-Predicated Execution Efficiency",87.522516%,91.805926%,87.751510%
"GeForce GTX 950 (0)","bitonicMergeShared(unsigned int*, unsigned int*, unsigned int*, unsigned int*, unsigned int, unsigned int, unsigned int)",55,"inst_replay_overhead","Instruction Replay Overhead",0.000673,0.000686,0.000678
"GeForce GTX 950 (0)","bitonicMergeShared(unsigned int*, unsigned int*, unsigned int*, unsigned int*, unsigned int, unsigned int, unsigned int)",55,"issue_slot_utilization","Issue Slot Utilization",37.357231%,38.932283%,38.140265%
"GeForce GTX 950 (0)","bitonicMergeShared(unsigned int*, unsigned int*, unsigned int*, unsigned int*, unsigned int, unsigned int, unsigned int)",55,"shared_load_transactions_per_request","Shared Memory Load Transactions Per Request",1.390950,1.456079,1.433251
"GeForce GTX 950 (0)","bitonicMergeShared(unsigned int*, unsigned int*, unsigned int*, unsigned int*, unsigned int, unsigned int, unsigned int)",55,"shared_store_transactions_per_request","Shared Memory Store Transactions Per Request",1.370052,1.488130,1.440887
"GeForce GTX 950 (0)","bitonicMergeShared(unsigned int*, unsigned int*, unsigned int*, unsigned int*, unsigned int, unsigned int, unsigned int)",55,"local_load_transactions_per_request","Local Memory Load Transactions Per Request",0.000000,0.000000,0.000000
"GeForce GTX 950 (0)","bitonicMergeShared(unsigned int*, unsigned int*, unsigned int*, unsigned int*, unsigned int, unsigned int, unsigned int)",55,"local_store_transactions_per_request","Local Memory Store Transactions Per Request",0.000000,0.000000,0.000000
"GeForce GTX 950 (0)","bitonicMergeShared(unsigned int*, unsigned int*, unsigned int*, unsigned int*, unsigned int, unsigned int, unsigned int)",55,"gld_transactions_per_request","Global Load Transactions Per Request",8.000000,8.000000,8.000000
"GeForce GTX 950 (0)","bitonicMergeShared(unsigned int*, unsigned int*, unsigned int*, unsigned int*, unsigned int, unsigned int, unsigned int)",55,"gst_transactions_per_request","Global Store Transactions Per Request",4.000000,4.000000,4.000000
"GeForce GTX 950 (0)","bitonicMergeShared(unsigned int*, unsigned int*, unsigned int*, unsigned int*, unsigned int, unsigned int, unsigned int)",55,"shared_store_transactions","Shared Store Transactions",801064,878860,844339
"GeForce GTX 950 (0)","bitonicMergeShared(unsigned int*, unsigned int*, unsigned int*, unsigned int*, unsigned int, unsigned int, unsigned int)",55,"shared_load_transactions","Shared Load Transactions",885217,930950,913060
"GeForce GTX 950 (0)","bitonicMergeShared(unsigned int*, unsigned int*, unsigned int*, unsigned int*, unsigned int, unsigned int, unsigned int)",55,"local_load_transactions","Local Load Transactions",0,0,0
"GeForce GTX 950 (0)","bitonicMergeShared(unsigned int*, unsigned int*, unsigned int*, unsigned int*, unsigned int, unsigned int, unsigned int)",55,"local_store_transactions","Local Store Transactions",0,0,0
"GeForce GTX 950 (0)","bitonicMergeShared(unsigned int*, unsigned int*, unsigned int*, unsigned int*, unsigned int, unsigned int, unsigned int)",55,"gld_transactions","Global Load Transactions",524288,524288,524288
"GeForce GTX 950 (0)","bitonicMergeShared(unsigned int*, unsigned int*, unsigned int*, unsigned int*, unsigned int, unsigned int, unsigned int)",55,"gst_transactions","Global Store Transactions",262144,262144,262144
"GeForce GTX 950 (0)","bitonicMergeShared(unsigned int*, unsigned int*, unsigned int*, unsigned int*, unsigned int, unsigned int, unsigned int)",55,"dram_read_transactions","Device Memory Read Transactions",262159,262247,262196
"GeForce GTX 950 (0)","bitonicMergeShared(unsigned int*, unsigned int*, unsigned int*, unsigned int*, unsigned int, unsigned int, unsigned int)",55,"dram_write_transactions","Device Memory Write Transactions",261806,262176,261966
"GeForce GTX 950 (0)","bitonicMergeShared(unsigned int*, unsigned int*, unsigned int*, unsigned int*, unsigned int, unsigned int, unsigned int)",55,"global_hit_rate","Global Hit Rate",50.000000%,50.000000%,50.000000%
"GeForce GTX 950 (0)","bitonicMergeShared(unsigned int*, unsigned int*, unsigned int*, unsigned int*, unsigned int, unsigned int, unsigned int)",55,"local_hit_rate","Local Hit Rate",0.000000%,0.000000%,0.000000%
"GeForce GTX 950 (0)","bitonicMergeShared(unsigned int*, unsigned int*, unsigned int*, unsigned int*, unsigned int, unsigned int, unsigned int)",55,"gld_requested_throughput","Requested Global Load Throughput",26.504884GB/s,32.519699GB/s,30.145049GB/s
"GeForce GTX 950 (0)","bitonicMergeShared(unsigned int*, unsigned int*, unsigned int*, unsigned int*, unsigned int, unsigned int, unsigned int)",55,"gst_requested_throughput","Requested Global Store Throughput",26.504884GB/s,32.519699GB/s,30.145049GB/s
"GeForce GTX 950 (0)","bitonicMergeShared(unsigned int*, unsigned int*, unsigned int*, unsigned int*, unsigned int, unsigned int, unsigned int)",55,"gld_throughput","Global Load Throughput",26.504884GB/s,32.519699GB/s,30.145049GB/s
"GeForce GTX 950 (0)","bitonicMergeShared(unsigned int*, unsigned int*, unsigned int*, unsigned int*, unsigned int, unsigned int, unsigned int)",55,"gst_throughput","Global Store Throughput",26.504884GB/s,32.519699GB/s,30.145049GB/s
"GeForce GTX 950 (0)","bitonicMergeShared(unsigned int*, unsigned int*, unsigned int*, unsigned int*, unsigned int, unsigned int, unsigned int)",55,"dram_read_throughput","Device Memory Read Throughput",26.509636GB/s,32.532477GB/s,30.151568GB/s
"GeForce GTX 950 (0)","bitonicMergeShared(unsigned int*, unsigned int*, unsigned int*, unsigned int*, unsigned int, unsigned int, unsigned int)",55,"dram_write_throughput","Device Memory Write Throughput",26.485875GB/s,32.490671GB/s,30.124560GB/s
"GeForce GTX 950 (0)","bitonicMergeShared(unsigned int*, unsigned int*, unsigned int*, unsigned int*, unsigned int, unsigned int, unsigned int)",55,"tex_cache_throughput","Unified Cache Throughput",26.504884GB/s,32.519699GB/s,30.145049GB/s
"GeForce GTX 950 (0)","bitonicMergeShared(unsigned int*, unsigned int*, unsigned int*, unsigned int*, unsigned int, unsigned int, unsigned int)",55,"local_load_throughput","Local Memory Load Throughput",0.000000B/s,0.000000B/s,0.000000B/s
"GeForce GTX 950 (0)","bitonicMergeShared(unsigned int*, unsigned int*, unsigned int*, unsigned int*, unsigned int, unsigned int, unsigned int)",55,"local_store_throughput","Local Memory Store Throughput",0.000000B/s,0.000000B/s,0.000000B/s
"GeForce GTX 950 (0)","bitonicMergeShared(unsigned int*, unsigned int*, unsigned int*, unsigned int*, unsigned int, unsigned int, unsigned int)",55,"shared_load_throughput","Shared Memory Load Throughput",369.615246GB/s,442.436756GB/s,420.003198GB/s
"GeForce GTX 950 (0)","bitonicMergeShared(unsigned int*, unsigned int*, unsigned int*, unsigned int*, unsigned int, unsigned int, unsigned int)",55,"shared_store_throughput","Shared Memory Store Throughput",341.725990GB/s,416.379959GB/s,388.391316GB/s
"GeForce GTX 950 (0)","bitonicMergeShared(unsigned int*, unsigned int*, unsigned int*, unsigned int*, unsigned int, unsigned int, unsigned int)",55,"gld_efficiency","Global Memory Load Efficiency",100.000000%,100.000000%,100.000000%
"GeForce GTX 950 (0)","bitonicMergeShared(unsigned int*, unsigned int*, unsigned int*, unsigned int*, unsigned int, unsigned int, unsigned int)",55,"gst_efficiency","Global Memory Store Efficiency",100.000000%,100.000000%,100.000000%
"GeForce GTX 950 (0)","bitonicMergeShared(unsigned int*, unsigned int*, unsigned int*, unsigned int*, unsigned int, unsigned int, unsigned int)",55,"tex_cache_transactions","Unified Cache Transactions",262144,262144,262144
"GeForce GTX 950 (0)","bitonicMergeShared(unsigned int*, unsigned int*, unsigned int*, unsigned int*, unsigned int, unsigned int, unsigned int)",55,"cf_fu_utilization","Control-Flow Function Unit Utilization","Low (1)","Low (1)","Low (1)"
"GeForce GTX 950 (0)","bitonicMergeShared(unsigned int*, unsigned int*, unsigned int*, unsigned int*, unsigned int, unsigned int, unsigned int)",55,"tex_fu_utilization","Texture Function Unit Utilization","Low (2)","Low (2)","Low (2)"
"GeForce GTX 950 (0)","bitonicMergeShared(unsigned int*, unsigned int*, unsigned int*, unsigned int*, unsigned int, unsigned int, unsigned int)",55,"ldst_fu_utilization","Load/Store Function Unit Utilization","Mid (4)","Mid (4)","Mid (4)"
"GeForce GTX 950 (0)","bitonicMergeShared(unsigned int*, unsigned int*, unsigned int*, unsigned int*, unsigned int, unsigned int, unsigned int)",55,"double_precision_fu_utilization","Double-Precision Function Unit Utilization","Idle (0)","Idle (0)","Idle (0)"
"GeForce GTX 950 (0)","bitonicMergeShared(unsigned int*, unsigned int*, unsigned int*, unsigned int*, unsigned int, unsigned int, unsigned int)",55,"special_fu_utilization","Special Function Unit Utilization","Idle (0)","Idle (0)","Idle (0)"
"GeForce GTX 950 (0)","bitonicMergeShared(unsigned int*, unsigned int*, unsigned int*, unsigned int*, unsigned int, unsigned int, unsigned int)",55,"single_precision_fu_utilization","Single-Precision Function Unit Utilization","Low (2)","Low (2)","Low (2)"
"GeForce GTX 950 (0)","bitonicMergeShared(unsigned int*, unsigned int*, unsigned int*, unsigned int*, unsigned int, unsigned int, unsigned int)",55,"flop_count_dp","Floating Point Operations(Double Precision)",0,0,0
"GeForce GTX 950 (0)","bitonicMergeShared(unsigned int*, unsigned int*, unsigned int*, unsigned int*, unsigned int, unsigned int, unsigned int)",55,"flop_count_dp_add","Floating Point Operations(Double Precision Add)",0,0,0
"GeForce GTX 950 (0)","bitonicMergeShared(unsigned int*, unsigned int*, unsigned int*, unsigned int*, unsigned int, unsigned int, unsigned int)",55,"flop_count_dp_fma","Floating Point Operations(Double Precision FMA)",0,0,0
"GeForce GTX 950 (0)","bitonicMergeShared(unsigned int*, unsigned int*, unsigned int*, unsigned int*, unsigned int, unsigned int, unsigned int)",55,"flop_count_dp_mul","Floating Point Operations(Double Precision Mul)",0,0,0
"GeForce GTX 950 (0)","bitonicMergeShared(unsigned int*, unsigned int*, unsigned int*, unsigned int*, unsigned int, unsigned int, unsigned int)",55,"flop_count_sp","Floating Point Operations(Single Precision)",0,0,0
"GeForce GTX 950 (0)","bitonicMergeShared(unsigned int*, unsigned int*, unsigned int*, unsigned int*, unsigned int, unsigned int, unsigned int)",55,"flop_count_sp_add","Floating Point Operations(Single Precision Add)",0,0,0
"GeForce GTX 950 (0)","bitonicMergeShared(unsigned int*, unsigned int*, unsigned int*, unsigned int*, unsigned int, unsigned int, unsigned int)",55,"flop_count_sp_fma","Floating Point Operations(Single Precision FMA)",0,0,0
"GeForce GTX 950 (0)","bitonicMergeShared(unsigned int*, unsigned int*, unsigned int*, unsigned int*, unsigned int, unsigned int, unsigned int)",55,"flop_count_sp_mul","Floating Point Operation(Single Precision Mul)",0,0,0
"GeForce GTX 950 (0)","bitonicMergeShared(unsigned int*, unsigned int*, unsigned int*, unsigned int*, unsigned int, unsigned int, unsigned int)",55,"flop_count_sp_special","Floating Point Operations(Single Precision Special)",0,0,0
"GeForce GTX 950 (0)","bitonicMergeShared(unsigned int*, unsigned int*, unsigned int*, unsigned int*, unsigned int, unsigned int, unsigned int)",55,"inst_executed","Instructions Executed",3554546,3564843,3556793
"GeForce GTX 950 (0)","bitonicMergeShared(unsigned int*, unsigned int*, unsigned int*, unsigned int*, unsigned int, unsigned int, unsigned int)",55,"inst_issued","Instructions Issued",3556954,3567257,3559202
"GeForce GTX 950 (0)","bitonicMergeShared(unsigned int*, unsigned int*, unsigned int*, unsigned int*, unsigned int, unsigned int, unsigned int)",55,"dram_utilization","Device Memory Utilization","Mid (6)","High (7)","Mid (6)"
"GeForce GTX 950 (0)","bitonicMergeShared(unsigned int*, unsigned int*, unsigned int*, unsigned int*, unsigned int, unsigned int, unsigned int)",55,"tex_utilization","Unified Cache Utilization","Low (1)","Low (1)","Low (1)"
"GeForce GTX 950 (0)","bitonicMergeShared(unsigned int*, unsigned int*, unsigned int*, unsigned int*, unsigned int, unsigned int, unsigned int)",55,"shared_efficiency","Shared Memory Efficiency",54.033003%,62.183447%,54.599777%
"GeForce GTX 950 (0)","bitonicMergeShared(unsigned int*, unsigned int*, unsigned int*, unsigned int*, unsigned int, unsigned int, unsigned int)",55,"shared_utilization","Shared Memory Utilization","High (8)","High (9)","High (8)"
"GeForce GTX 950 (0)","bitonicMergeShared(unsigned int*, unsigned int*, unsigned int*, unsigned int*, unsigned int, unsigned int, unsigned int)",55,"inst_fp_32","FP Instructions(Single)",0,0,0
"GeForce GTX 950 (0)","bitonicMergeShared(unsigned int*, unsigned int*, unsigned int*, unsigned int*, unsigned int, unsigned int, unsigned int)",55,"inst_fp_64","FP Instructions(Double)",0,0,0
"GeForce GTX 950 (0)","bitonicMergeShared(unsigned int*, unsigned int*, unsigned int*, unsigned int*, unsigned int, unsigned int, unsigned int)",55,"inst_integer","Integer Instructions",37486348,37732242,37505422
"GeForce GTX 950 (0)","bitonicMergeShared(unsigned int*, unsigned int*, unsigned int*, unsigned int*, unsigned int, unsigned int, unsigned int)",55,"inst_bit_convert","Bit-Convert Instructions",0,0,0
"GeForce GTX 950 (0)","bitonicMergeShared(unsigned int*, unsigned int*, unsigned int*, unsigned int*, unsigned int, unsigned int, unsigned int)",55,"inst_control","Control-Flow Instructions",9961472,9961472,9961472
"GeForce GTX 950 (0)","bitonicMergeShared(unsigned int*, unsigned int*, unsigned int*, unsigned int*, unsigned int, unsigned int, unsigned int)",55,"inst_compute_ld_st","Load/Store Instructions",33285547,38159506,33535538
"GeForce GTX 950 (0)","bitonicMergeShared(unsigned int*, unsigned int*, unsigned int*, unsigned int*, unsigned int, unsigned int, unsigned int)",55,"inst_misc","Misc Instructions",18874368,18874368,18874368
"GeForce GTX 950 (0)","bitonicMergeShared(unsigned int*, unsigned int*, unsigned int*, unsigned int*, unsigned int, unsigned int, unsigned int)",55,"inst_inter_thread_communication","Inter-Thread Instructions",0,0,0
"GeForce GTX 950 (0)","bitonicMergeShared(unsigned int*, unsigned int*, unsigned int*, unsigned int*, unsigned int, unsigned int, unsigned int)",55,"issue_slots","Issue Slots",3244890,3255194,3247139
"GeForce GTX 950 (0)","bitonicMergeShared(unsigned int*, unsigned int*, unsigned int*, unsigned int*, unsigned int, unsigned int, unsigned int)",55,"cf_issued","Issued Control-Flow Instructions",432894,434365,433215
"GeForce GTX 950 (0)","bitonicMergeShared(unsigned int*, unsigned int*, unsigned int*, unsigned int*, unsigned int, unsigned int, unsigned int)",55,"cf_executed","Executed Control-Flow Instructions",432894,434365,433215
"GeForce GTX 950 (0)","bitonicMergeShared(unsigned int*, unsigned int*, unsigned int*, unsigned int*, unsigned int, unsigned int, unsigned int)",55,"ldst_issued","Issued Load/Store Instructions",1958388,1967214,1960314
"GeForce GTX 950 (0)","bitonicMergeShared(unsigned int*, unsigned int*, unsigned int*, unsigned int*, unsigned int, unsigned int, unsigned int)",55,"ldst_executed","Executed Load/Store Instructions",1565172,1573998,1567098
"GeForce GTX 950 (0)","bitonicMergeShared(unsigned int*, unsigned int*, unsigned int*, unsigned int*, unsigned int, unsigned int, unsigned int)",55,"atomic_transactions","Atomic Transactions",0,0,0
"GeForce GTX 950 (0)","bitonicMergeShared(unsigned int*, unsigned int*, unsigned int*, unsigned int*, unsigned int, unsigned int, unsigned int)",55,"atomic_transactions_per_request","Atomic Transactions Per Request",0.000000,0.000000,0.000000
"GeForce GTX 950 (0)","bitonicMergeShared(unsigned int*, unsigned int*, unsigned int*, unsigned int*, unsigned int, unsigned int, unsigned int)",55,"stall_inst_fetch","Issue Stall Reasons (Instructions Fetch)",4.659410%,4.932886%,4.809713%
"GeForce GTX 950 (0)","bitonicMergeShared(unsigned int*, unsigned int*, unsigned int*, unsigned int*, unsigned int, unsigned int, unsigned int)",55,"stall_exec_dependency","Issue Stall Reasons (Execution Dependency)",43.133284%,45.107887%,44.159379%
"GeForce GTX 950 (0)","bitonicMergeShared(unsigned int*, unsigned int*, unsigned int*, unsigned int*, unsigned int, unsigned int, unsigned int)",55,"stall_memory_dependency","Issue Stall Reasons (Data Request)",6.694179%,8.913950%,7.847604%
"GeForce GTX 950 (0)","bitonicMergeShared(unsigned int*, unsigned int*, unsigned int*, unsigned int*, unsigned int, unsigned int, unsigned int)",55,"stall_texture","Issue Stall Reasons (Texture)",0.006998%,0.010532%,0.008535%
"GeForce GTX 950 (0)","bitonicMergeShared(unsigned int*, unsigned int*, unsigned int*, unsigned int*, unsigned int, unsigned int, unsigned int)",55,"stall_sync","Issue Stall Reasons (Synchronization)",28.568770%,29.322930%,29.025626%
"GeForce GTX 950 (0)","bitonicMergeShared(unsigned int*, unsigned int*, unsigned int*, unsigned int*, unsigned int, unsigned int, unsigned int)",55,"stall_other","Issue Stall Reasons (Other)",10.247179%,10.648628%,10.433489%
"GeForce GTX 950 (0)","bitonicMergeShared(unsigned int*, unsigned int*, unsigned int*, unsigned int*, unsigned int, unsigned int, unsigned int)",55,"stall_constant_memory_dependency","Issue Stall Reasons (Immediate constant)",0.166656%,0.231400%,0.177703%
"GeForce GTX 950 (0)","bitonicMergeShared(unsigned int*, unsigned int*, unsigned int*, unsigned int*, unsigned int, unsigned int, unsigned int)",55,"stall_pipe_busy","Issue Stall Reasons (Pipe Busy)",0.595737%,0.677594%,0.635730%
"GeForce GTX 950 (0)","bitonicMergeShared(unsigned int*, unsigned int*, unsigned int*, unsigned int*, unsigned int, unsigned int, unsigned int)",55,"stall_memory_throttle","Issue Stall Reasons (Memory Throttle)",1.548977%,1.658605%,1.597203%
"GeForce GTX 950 (0)","bitonicMergeShared(unsigned int*, unsigned int*, unsigned int*, unsigned int*, unsigned int, unsigned int, unsigned int)",55,"stall_not_selected","Issue Stall Reasons (Not Selected)",1.261322%,1.359717%,1.305018%
"GeForce GTX 950 (0)","bitonicMergeShared(unsigned int*, unsigned int*, unsigned int*, unsigned int*, unsigned int, unsigned int, unsigned int)",55,"sysmem_read_transactions","System Memory Read Transactions",0,0,0
"GeForce GTX 950 (0)","bitonicMergeShared(unsigned int*, unsigned int*, unsigned int*, unsigned int*, unsigned int, unsigned int, unsigned int)",55,"sysmem_write_transactions","System Memory Write Transactions",5,5,5
"GeForce GTX 950 (0)","bitonicMergeShared(unsigned int*, unsigned int*, unsigned int*, unsigned int*, unsigned int, unsigned int, unsigned int)",55,"l2_read_transactions","L2 Read Transactions",262199,262384,262282
"GeForce GTX 950 (0)","bitonicMergeShared(unsigned int*, unsigned int*, unsigned int*, unsigned int*, unsigned int, unsigned int, unsigned int)",55,"l2_write_transactions","L2 Write Transactions",262150,262150,262150
"GeForce GTX 950 (0)","bitonicMergeShared(unsigned int*, unsigned int*, unsigned int*, unsigned int*, unsigned int, unsigned int, unsigned int)",55,"ecc_transactions","ECC Transactions",0,0,0
"GeForce GTX 950 (0)","bitonicMergeShared(unsigned int*, unsigned int*, unsigned int*, unsigned int*, unsigned int, unsigned int, unsigned int)",55,"local_memory_overhead","Local Memory Overhead",0.000000%,0.000000%,0.000000%
"GeForce GTX 950 (0)","bitonicMergeShared(unsigned int*, unsigned int*, unsigned int*, unsigned int*, unsigned int, unsigned int, unsigned int)",55,"tex_cache_hit_rate","Unified Cache Hit Rate",50.000000%,50.000000%,50.000000%
"GeForce GTX 950 (0)","bitonicMergeShared(unsigned int*, unsigned int*, unsigned int*, unsigned int*, unsigned int, unsigned int, unsigned int)",55,"l2_tex_read_hit_rate","L2 Hit Rate (Texture Reads)",0.000000%,0.000000%,0.000000%
"GeForce GTX 950 (0)","bitonicMergeShared(unsigned int*, unsigned int*, unsigned int*, unsigned int*, unsigned int, unsigned int, unsigned int)",55,"l2_tex_write_hit_rate","L2 Hit Rate (Texture Writes)",100.000000%,100.000000%,100.000000%
"GeForce GTX 950 (0)","bitonicMergeShared(unsigned int*, unsigned int*, unsigned int*, unsigned int*, unsigned int, unsigned int, unsigned int)",55,"l2_tex_read_throughput","L2 Throughput (Texture Reads)",26.504884GB/s,32.519699GB/s,30.145049GB/s
"GeForce GTX 950 (0)","bitonicMergeShared(unsigned int*, unsigned int*, unsigned int*, unsigned int*, unsigned int, unsigned int, unsigned int)",55,"l2_tex_write_throughput","L2 Throughput (Texture Writes)",26.504884GB/s,32.519699GB/s,30.145049GB/s
"GeForce GTX 950 (0)","bitonicMergeShared(unsigned int*, unsigned int*, unsigned int*, unsigned int*, unsigned int, unsigned int, unsigned int)",55,"l2_tex_read_transactions","L2 Transactions (Texture Reads)",262144,262144,262144
"GeForce GTX 950 (0)","bitonicMergeShared(unsigned int*, unsigned int*, unsigned int*, unsigned int*, unsigned int, unsigned int, unsigned int)",55,"l2_tex_write_transactions","L2 Transactions (Texture Writes)",262144,262144,262144
"GeForce GTX 950 (0)","bitonicMergeShared(unsigned int*, unsigned int*, unsigned int*, unsigned int*, unsigned int, unsigned int, unsigned int)",55,"l2_read_throughput","L2 Throughput (Reads)",26.510445GB/s,32.548852GB/s,30.160882GB/s
"GeForce GTX 950 (0)","bitonicMergeShared(unsigned int*, unsigned int*, unsigned int*, unsigned int*, unsigned int, unsigned int, unsigned int)",55,"l2_write_throughput","L2 Throughput (Writes)",26.505490GB/s,32.520443GB/s,30.145980GB/s
"GeForce GTX 950 (0)","bitonicMergeShared(unsigned int*, unsigned int*, unsigned int*, unsigned int*, unsigned int, unsigned int, unsigned int)",55,"sysmem_read_throughput","System Memory Read Throughput",0.000000B/s,0.000000B/s,0.000000B/s
"GeForce GTX 950 (0)","bitonicMergeShared(unsigned int*, unsigned int*, unsigned int*, unsigned int*, unsigned int, unsigned int, unsigned int)",55,"sysmem_write_throughput","System Memory Write Throughput",530.097656KB/s,650.393555KB/s,0.000000B/s
"GeForce GTX 950 (0)","bitonicMergeShared(unsigned int*, unsigned int*, unsigned int*, unsigned int*, unsigned int, unsigned int, unsigned int)",55,"l2_utilization","L2 Cache Utilization","Low (2)","Low (2)","Low (2)"
"GeForce GTX 950 (0)","bitonicMergeShared(unsigned int*, unsigned int*, unsigned int*, unsigned int*, unsigned int, unsigned int, unsigned int)",55,"l2_atomic_throughput","L2 Throughput (Atomic requests)",0.000000B/s,0.000000B/s,0.000000B/s
"GeForce GTX 950 (0)","bitonicMergeShared(unsigned int*, unsigned int*, unsigned int*, unsigned int*, unsigned int, unsigned int, unsigned int)",55,"l2_atomic_transactions","L2 Transactions (Atomic requests)",0,0,0
"GeForce GTX 950 (0)","bitonicMergeShared(unsigned int*, unsigned int*, unsigned int*, unsigned int*, unsigned int, unsigned int, unsigned int)",55,"sysmem_utilization","System Memory Utilization","Low (1)","Low (1)","Low (1)"
"GeForce GTX 950 (0)","bitonicMergeShared(unsigned int*, unsigned int*, unsigned int*, unsigned int*, unsigned int, unsigned int, unsigned int)",55,"ecc_throughput","ECC Throughput",0.000000B/s,0.000000B/s,0.000000B/s
"GeForce GTX 950 (0)","bitonicMergeShared(unsigned int*, unsigned int*, unsigned int*, unsigned int*, unsigned int, unsigned int, unsigned int)",55,"sysmem_read_utilization","System Memory Read Utilization","Idle (0)","Idle (0)","Idle (0)"
"GeForce GTX 950 (0)","bitonicMergeShared(unsigned int*, unsigned int*, unsigned int*, unsigned int*, unsigned int, unsigned int, unsigned int)",55,"sysmem_write_utilization","System Memory Write Utilization","Low (1)","Low (1)","Low (1)"
"GeForce GTX 950 (0)","bitonicMergeShared(unsigned int*, unsigned int*, unsigned int*, unsigned int*, unsigned int, unsigned int, unsigned int)",55,"eligible_warps_per_cycle","Eligible Warps Per Active Cycle",2.256184,2.371403,2.309227
"GeForce GTX 950 (0)","bitonicMergeShared(unsigned int*, unsigned int*, unsigned int*, unsigned int*, unsigned int, unsigned int, unsigned int)",55,"flop_sp_efficiency","FLOP Efficiency(Peak Single)",0.000000%,0.000000%,0.000000%
"GeForce GTX 950 (0)","bitonicMergeShared(unsigned int*, unsigned int*, unsigned int*, unsigned int*, unsigned int, unsigned int, unsigned int)",55,"flop_dp_efficiency","FLOP Efficiency(Peak Double)",0.000000%,0.000000%,0.000000%
"GeForce GTX 950 (0)","bitonicSortShared1(unsigned int*, unsigned int*, unsigned int*, unsigned int*)",10,"sm_efficiency","Multiprocessor Activity",99.240318%,99.507298%,99.388485%
"GeForce GTX 950 (0)","bitonicSortShared1(unsigned int*, unsigned int*, unsigned int*, unsigned int*)",10,"achieved_occupancy","Achieved Occupancy",0.990794,0.991335,0.991012
"GeForce GTX 950 (0)","bitonicSortShared1(unsigned int*, unsigned int*, unsigned int*, unsigned int*)",10,"ipc","Executed IPC",1.117794,1.118600,1.118216
"GeForce GTX 950 (0)","bitonicSortShared1(unsigned int*, unsigned int*, unsigned int*, unsigned int*)",10,"issued_ipc","Issued IPC",1.118049,1.118698,1.118399
"GeForce GTX 950 (0)","bitonicSortShared1(unsigned int*, unsigned int*, unsigned int*, unsigned int*)",10,"inst_per_warp","Instructions per warp",795.683533,795.683533,795.683533
"GeForce GTX 950 (0)","bitonicSortShared1(unsigned int*, unsigned int*, unsigned int*, unsigned int*)",10,"branch_efficiency","Branch Efficiency",100.000000%,100.000000%,100.000000%
"GeForce GTX 950 (0)","bitonicSortShared1(unsigned int*, unsigned int*, unsigned int*, unsigned int*)",10,"warp_execution_efficiency","Warp Execution Efficiency",81.751343%,81.751345%,81.751344%
"GeForce GTX 950 (0)","bitonicSortShared1(unsigned int*, unsigned int*, unsigned int*, unsigned int*)",10,"warp_nonpred_execution_efficiency","Warp Non-Predicated Execution Efficiency",77.038574%,77.038577%,77.038575%
"GeForce GTX 950 (0)","bitonicSortShared1(unsigned int*, unsigned int*, unsigned int*, unsigned int*)",10,"inst_replay_overhead","Instruction Replay Overhead",0.000059,0.000059,0.000059
"GeForce GTX 950 (0)","bitonicSortShared1(unsigned int*, unsigned int*, unsigned int*, unsigned int*)",10,"issue_slot_utilization","Issue Slot Utilization",25.913892%,25.928930%,25.922011%
"GeForce GTX 950 (0)","bitonicSortShared1(unsigned int*, unsigned int*, unsigned int*, unsigned int*)",10,"shared_load_transactions_per_request","Shared Memory Load Transactions Per Request",1.675713,1.675713,1.675713
"GeForce GTX 950 (0)","bitonicSortShared1(unsigned int*, unsigned int*, unsigned int*, unsigned int*)",10,"shared_store_transactions_per_request","Shared Memory Store Transactions Per Request",1.664575,1.664575,1.664575
"GeForce GTX 950 (0)","bitonicSortShared1(unsigned int*, unsigned int*, unsigned int*, unsigned int*)",10,"local_load_transactions_per_request","Local Memory Load Transactions Per Request",0.000000,0.000000,0.000000
"GeForce GTX 950 (0)","bitonicSortShared1(unsigned int*, unsigned int*, unsigned int*, unsigned int*)",10,"local_store_transactions_per_request","Local Memory Store Transactions Per Request",0.000000,0.000000,0.000000
"GeForce GTX 950 (0)","bitonicSortShared1(unsigned int*, unsigned int*, unsigned int*, unsigned int*)",10,"gld_transactions_per_request","Global Load Transactions Per Request",8.000000,8.000000,8.000000
"GeForce GTX 950 (0)","bitonicSortShared1(unsigned int*, unsigned int*, unsigned int*, unsigned int*)",10,"gst_transactions_per_request","Global Store Transactions Per Request",4.000000,4.000000,4.000000
"GeForce GTX 950 (0)","bitonicSortShared1(unsigned int*, unsigned int*, unsigned int*, unsigned int*)",10,"shared_store_transactions","Shared Store Transactions",5169032,5169032,5169032
"GeForce GTX 950 (0)","bitonicSortShared1(unsigned int*, unsigned int*, unsigned int*, unsigned int*)",10,"shared_load_transactions","Shared Load Transactions",5402206,5402206,5402206
"GeForce GTX 950 (0)","bitonicSortShared1(unsigned int*, unsigned int*, unsigned int*, unsigned int*)",10,"local_load_transactions","Local Load Transactions",0,0,0
"GeForce GTX 950 (0)","bitonicSortShared1(unsigned int*, unsigned int*, unsigned int*, unsigned int*)",10,"local_store_transactions","Local Store Transactions",0,0,0
"GeForce GTX 950 (0)","bitonicSortShared1(unsigned int*, unsigned int*, unsigned int*, unsigned int*)",10,"gld_transactions","Global Load Transactions",524288,524288,524288
"GeForce GTX 950 (0)","bitonicSortShared1(unsigned int*, unsigned int*, unsigned int*, unsigned int*)",10,"gst_transactions","Global Store Transactions",262144,262144,262144
"GeForce GTX 950 (0)","bitonicSortShared1(unsigned int*, unsigned int*, unsigned int*, unsigned int*)",10,"dram_read_transactions","Device Memory Read Transactions",262411,262447,262436
"GeForce GTX 950 (0)","bitonicSortShared1(unsigned int*, unsigned int*, unsigned int*, unsigned int*)",10,"dram_write_transactions","Device Memory Write Transactions",261853,262053,261951
"GeForce GTX 950 (0)","bitonicSortShared1(unsigned int*, unsigned int*, unsigned int*, unsigned int*)",10,"global_hit_rate","Global Hit Rate",50.000000%,50.000000%,50.000000%
"GeForce GTX 950 (0)","bitonicSortShared1(unsigned int*, unsigned int*, unsigned int*, unsigned int*)",10,"local_hit_rate","Local Hit Rate",0.000000%,0.000000%,0.000000%
"GeForce GTX 950 (0)","bitonicSortShared1(unsigned int*, unsigned int*, unsigned int*, unsigned int*)",10,"gld_requested_throughput","Requested Global Load Throughput",5.298870GB/s,5.819818GB/s,5.437061GB/s
"GeForce GTX 950 (0)","bitonicSortShared1(unsigned int*, unsigned int*, unsigned int*, unsigned int*)",10,"gst_requested_throughput","Requested Global Store Throughput",5.298870GB/s,5.819818GB/s,5.437061GB/s
"GeForce GTX 950 (0)","bitonicSortShared1(unsigned int*, unsigned int*, unsigned int*, unsigned int*)",10,"gld_throughput","Global Load Throughput",5.298870GB/s,5.819818GB/s,5.437061GB/s
"GeForce GTX 950 (0)","bitonicSortShared1(unsigned int*, unsigned int*, unsigned int*, unsigned int*)",10,"gst_throughput","Global Store Throughput",5.298870GB/s,5.819818GB/s,5.437061GB/s
"GeForce GTX 950 (0)","bitonicSortShared1(unsigned int*, unsigned int*, unsigned int*, unsigned int*)",10,"dram_read_throughput","Device Memory Read Throughput",5.304590GB/s,5.826545GB/s,5.443580GB/s
"GeForce GTX 950 (0)","bitonicSortShared1(unsigned int*, unsigned int*, unsigned int*, unsigned int*)",10,"dram_write_throughput","Device Memory Write Throughput",5.295737GB/s,5.814423GB/s,5.433336GB/s
"GeForce GTX 950 (0)","bitonicSortShared1(unsigned int*, unsigned int*, unsigned int*, unsigned int*)",10,"tex_cache_throughput","Unified Cache Throughput",5.298870GB/s,5.819818GB/s,5.437061GB/s
"GeForce GTX 950 (0)","bitonicSortShared1(unsigned int*, unsigned int*, unsigned int*, unsigned int*)",10,"local_load_throughput","Local Memory Load Throughput",0.000000B/s,0.000000B/s,0.000000B/s
"GeForce GTX 950 (0)","bitonicSortShared1(unsigned int*, unsigned int*, unsigned int*, unsigned int*)",10,"local_store_throughput","Local Memory Store Throughput",0.000000B/s,0.000000B/s,0.000000B/s
"GeForce GTX 950 (0)","bitonicSortShared1(unsigned int*, unsigned int*, unsigned int*, unsigned int*)",10,"shared_load_throughput","Shared Memory Load Throughput",436.791784GB/s,479.734102GB/s,448.273495GB/s
"GeForce GTX 950 (0)","bitonicSortShared1(unsigned int*, unsigned int*, unsigned int*, unsigned int*)",10,"shared_store_throughput","Shared Memory Store Throughput",417.938655GB/s,459.027465GB/s,428.925268GB/s
"GeForce GTX 950 (0)","bitonicSortShared1(unsigned int*, unsigned int*, unsigned int*, unsigned int*)",10,"gld_efficiency","Global Memory Load Efficiency",100.000000%,100.000000%,100.000000%
"GeForce GTX 950 (0)","bitonicSortShared1(unsigned int*, unsigned int*, unsigned int*, unsigned int*)",10,"gst_efficiency","Global Memory Store Efficiency",100.000000%,100.000000%,100.000000%
"GeForce GTX 950 (0)","bitonicSortShared1(unsigned int*, unsigned int*, unsigned int*, unsigned int*)",10,"tex_cache_transactions","Unified Cache Transactions",262144,262144,262144
"GeForce GTX 950 (0)","bitonicSortShared1(unsigned int*, unsigned int*, unsigned int*, unsigned int*)",10,"cf_fu_utilization","Control-Flow Function Unit Utilization","Low (1)","Low (1)","Low (1)"
"GeForce GTX 950 (0)","bitonicSortShared1(unsigned int*, unsigned int*, unsigned int*, unsigned int*)",10,"tex_fu_utilization","Texture Function Unit Utilization","Low (1)","Low (1)","Low (1)"
"GeForce GTX 950 (0)","bitonicSortShared1(unsigned int*, unsigned int*, unsigned int*, unsigned int*)",10,"ldst_fu_utilization","Load/Store Function Unit Utilization","Mid (4)","Mid (4)","Mid (4)"
"GeForce GTX 950 (0)","bitonicSortShared1(unsigned int*, unsigned int*, unsigned int*, unsigned int*)",10,"double_precision_fu_utilization","Double-Precision Function Unit Utilization","Idle (0)","Idle (0)","Idle (0)"
"GeForce GTX 950 (0)","bitonicSortShared1(unsigned int*, unsigned int*, unsigned int*, unsigned int*)",10,"special_fu_utilization","Special Function Unit Utilization","Idle (0)","Idle (0)","Idle (0)"
"GeForce GTX 950 (0)","bitonicSortShared1(unsigned int*, unsigned int*, unsigned int*, unsigned int*)",10,"single_precision_fu_utilization","Single-Precision Function Unit Utilization","Low (1)","Low (1)","Low (1)"
"GeForce GTX 950 (0)","bitonicSortShared1(unsigned int*, unsigned int*, unsigned int*, unsigned int*)",10,"flop_count_dp","Floating Point Operations(Double Precision)",0,0,0
"GeForce GTX 950 (0)","bitonicSortShared1(unsigned int*, unsigned int*, unsigned int*, unsigned int*)",10,"flop_count_dp_add","Floating Point Operations(Double Precision Add)",0,0,0
"GeForce GTX 950 (0)","bitonicSortShared1(unsigned int*, unsigned int*, unsigned int*, unsigned int*)",10,"flop_count_dp_fma","Floating Point Operations(Double Precision FMA)",0,0,0
"GeForce GTX 950 (0)","bitonicSortShared1(unsigned int*, unsigned int*, unsigned int*, unsigned int*)",10,"flop_count_dp_mul","Floating Point Operations(Double Precision Mul)",0,0,0
"GeForce GTX 950 (0)","bitonicSortShared1(unsigned int*, unsigned int*, unsigned int*, unsigned int*)",10,"flop_count_sp","Floating Point Operations(Single Precision)",0,0,0
"GeForce GTX 950 (0)","bitonicSortShared1(unsigned int*, unsigned int*, unsigned int*, unsigned int*)",10,"flop_count_sp_add","Floating Point Operations(Single Precision Add)",0,0,0
"GeForce GTX 950 (0)","bitonicSortShared1(unsigned int*, unsigned int*, unsigned int*, unsigned int*)",10,"flop_count_sp_fma","Floating Point Operations(Single Precision FMA)",0,0,0
"GeForce GTX 950 (0)","bitonicSortShared1(unsigned int*, unsigned int*, unsigned int*, unsigned int*)",10,"flop_count_sp_mul","Floating Point Operation(Single Precision Mul)",0,0,0
"GeForce GTX 950 (0)","bitonicSortShared1(unsigned int*, unsigned int*, unsigned int*, unsigned int*)",10,"flop_count_sp_special","Floating Point Operations(Single Precision Special)",0,0,0
"GeForce GTX 950 (0)","bitonicSortShared1(unsigned int*, unsigned int*, unsigned int*, unsigned int*)",10,"inst_executed","Instructions Executed",13036479,13036479,13036479
"GeForce GTX 950 (0)","bitonicSortShared1(unsigned int*, unsigned int*, unsigned int*, unsigned int*)",10,"inst_issued","Instructions Issued",13037247,13037247,13037247
"GeForce GTX 950 (0)","bitonicSortShared1(unsigned int*, unsigned int*, unsigned int*, unsigned int*)",10,"dram_utilization","Device Memory Utilization","Low (2)","Low (2)","Low (2)"
"GeForce GTX 950 (0)","bitonicSortShared1(unsigned int*, unsigned int*, unsigned int*, unsigned int*)",10,"tex_utilization","Unified Cache Utilization","Low (1)","Low (1)","Low (1)"
"GeForce GTX 950 (0)","bitonicSortShared1(unsigned int*, unsigned int*, unsigned int*, unsigned int*)",10,"shared_efficiency","Shared Memory Efficiency",43.858532%,43.858532%,43.858532%
"GeForce GTX 950 (0)","bitonicSortShared1(unsigned int*, unsigned int*, unsigned int*, unsigned int*)",10,"shared_utilization","Shared Memory Utilization","High (9)","Max (10)","High (9)"
"GeForce GTX 950 (0)","bitonicSortShared1(unsigned int*, unsigned int*, unsigned int*, unsigned int*)",10,"inst_fp_32","FP Instructions(Single)",0,0,0
"GeForce GTX 950 (0)","bitonicSortShared1(unsigned int*, unsigned int*, unsigned int*, unsigned int*)",10,"inst_fp_64","FP Instructions(Double)",0,0,0
"GeForce GTX 950 (0)","bitonicSortShared1(unsigned int*, unsigned int*, unsigned int*, unsigned int*)",10,"inst_integer","Integer Instructions",80215686,80215686,80215686
"GeForce GTX 950 (0)","bitonicSortShared1(unsigned int*, unsigned int*, unsigned int*, unsigned int*)",10,"inst_bit_convert","Bit-Convert Instructions",0,0,0
"GeForce GTX 950 (0)","bitonicSortShared1(unsigned int*, unsigned int*, unsigned int*, unsigned int*)",10,"inst_control","Control-Flow Instructions",47710208,47710208,47710208
"GeForce GTX 950 (0)","bitonicSortShared1(unsigned int*, unsigned int*, unsigned int*, unsigned int*)",10,"inst_compute_ld_st","Load/Store Instructions",139452208,139452208,139452208
"GeForce GTX 950 (0)","bitonicSortShared1(unsigned int*, unsigned int*, unsigned int*, unsigned int*)",10,"inst_misc","Misc Instructions",54001664,54001664,54001664
"GeForce GTX 950 (0)","bitonicSortShared1(unsigned int*, unsigned int*, unsigned int*, unsigned int*)",10,"inst_inter_thread_communication","Inter-Thread Instructions",0,0,0
"GeForce GTX 950 (0)","bitonicSortShared1(unsigned int*, unsigned int*, unsigned int*, unsigned int*)",10,"issue_slots","Issue Slots",12086975,12086975,12086975
"GeForce GTX 950 (0)","bitonicSortShared1(unsigned int*, unsigned int*, unsigned int*, unsigned int*)",10,"cf_issued","Issued Control-Flow Instructions",2168969,2168969,2168969
"GeForce GTX 950 (0)","bitonicSortShared1(unsigned int*, unsigned int*, unsigned int*, unsigned int*)",10,"cf_executed","Executed Control-Flow Instructions",2168969,2168969,2168969
"GeForce GTX 950 (0)","bitonicSortShared1(unsigned int*, unsigned int*, unsigned int*, unsigned int*)",10,"ldst_issued","Issued Load/Store Instructions",7803702,7803702,7803702
"GeForce GTX 950 (0)","bitonicSortShared1(unsigned int*, unsigned int*, unsigned int*, unsigned int*)",10,"ldst_executed","Executed Load/Store Instructions",7410486,7410486,7410486
"GeForce GTX 950 (0)","bitonicSortShared1(unsigned int*, unsigned int*, unsigned int*, unsigned int*)",10,"atomic_transactions","Atomic Transactions",0,0,0
"GeForce GTX 950 (0)","bitonicSortShared1(unsigned int*, unsigned int*, unsigned int*, unsigned int*)",10,"atomic_transactions_per_request","Atomic Transactions Per Request",0.000000,0.000000,0.000000
"GeForce GTX 950 (0)","bitonicSortShared1(unsigned int*, unsigned int*, unsigned int*, unsigned int*)",10,"stall_inst_fetch","Issue Stall Reasons (Instructions Fetch)",2.946285%,2.960009%,2.954099%
"GeForce GTX 950 (0)","bitonicSortShared1(unsigned int*, unsigned int*, unsigned int*, unsigned int*)",10,"stall_exec_dependency","Issue Stall Reasons (Execution Dependency)",51.766291%,51.996505%,51.853059%
"GeForce GTX 950 (0)","bitonicSortShared1(unsigned int*, unsigned int*, unsigned int*, unsigned int*)",10,"stall_memory_dependency","Issue Stall Reasons (Data Request)",1.260323%,1.386313%,1.295559%
"GeForce GTX 950 (0)","bitonicSortShared1(unsigned int*, unsigned int*, unsigned int*, unsigned int*)",10,"stall_texture","Issue Stall Reasons (Texture)",0.000326%,0.000467%,0.000377%
"GeForce GTX 950 (0)","bitonicSortShared1(unsigned int*, unsigned int*, unsigned int*, unsigned int*)",10,"stall_sync","Issue Stall Reasons (Synchronization)",31.756503%,32.080891%,31.973784%
"GeForce GTX 950 (0)","bitonicSortShared1(unsigned int*, unsigned int*, unsigned int*, unsigned int*)",10,"stall_other","Issue Stall Reasons (Other)",9.991773%,10.149806%,10.050648%
"GeForce GTX 950 (0)","bitonicSortShared1(unsigned int*, unsigned int*, unsigned int*, unsigned int*)",10,"stall_constant_memory_dependency","Issue Stall Reasons (Immediate constant)",0.022343%,0.028457%,0.024394%
"GeForce GTX 950 (0)","bitonicSortShared1(unsigned int*, unsigned int*, unsigned int*, unsigned int*)",10,"stall_pipe_busy","Issue Stall Reasons (Pipe Busy)",0.840462%,0.927778%,0.883535%
"GeForce GTX 950 (0)","bitonicSortShared1(unsigned int*, unsigned int*, unsigned int*, unsigned int*)",10,"stall_memory_throttle","Issue Stall Reasons (Memory Throttle)",0.265191%,0.271110%,0.267948%
"GeForce GTX 950 (0)","bitonicSortShared1(unsigned int*, unsigned int*, unsigned int*, unsigned int*)",10,"stall_not_selected","Issue Stall Reasons (Not Selected)",0.693013%,0.701633%,0.696598%
"GeForce GTX 950 (0)","bitonicSortShared1(unsigned int*, unsigned int*, unsigned int*, unsigned int*)",10,"sysmem_read_transactions","System Memory Read Transactions",0,0,0
"GeForce GTX 950 (0)","bitonicSortShared1(unsigned int*, unsigned int*, unsigned int*, unsigned int*)",10,"sysmem_write_transactions","System Memory Write Transactions",5,5,5
"GeForce GTX 950 (0)","bitonicSortShared1(unsigned int*, unsigned int*, unsigned int*, unsigned int*)",10,"l2_read_transactions","L2 Read Transactions",262679,262779,262711
"GeForce GTX 950 (0)","bitonicSortShared1(unsigned int*, unsigned int*, unsigned int*, unsigned int*)",10,"l2_write_transactions","L2 Write Transactions",262150,262150,262150
"GeForce GTX 950 (0)","bitonicSortShared1(unsigned int*, unsigned int*, unsigned int*, unsigned int*)",10,"ecc_transactions","ECC Transactions",0,0,0
"GeForce GTX 950 (0)","bitonicSortShared1(unsigned int*, unsigned int*, unsigned int*, unsigned int*)",10,"local_memory_overhead","Local Memory Overhead",0.000000%,0.000000%,0.000000%
"GeForce GTX 950 (0)","bitonicSortShared1(unsigned int*, unsigned int*, unsigned int*, unsigned int*)",10,"tex_cache_hit_rate","Unified Cache Hit Rate",50.000000%,50.000000%,50.000000%
"GeForce GTX 950 (0)","bitonicSortShared1(unsigned int*, unsigned int*, unsigned int*, unsigned int*)",10,"l2_tex_read_hit_rate","L2 Hit Rate (Texture Reads)",0.000000%,0.000000%,0.000000%
"GeForce GTX 950 (0)","bitonicSortShared1(unsigned int*, unsigned int*, unsigned int*, unsigned int*)",10,"l2_tex_write_hit_rate","L2 Hit Rate (Texture Writes)",0.000000%,0.000000%,0.000000%
"GeForce GTX 950 (0)","bitonicSortShared1(unsigned int*, unsigned int*, unsigned int*, unsigned int*)",10,"l2_tex_read_throughput","L2 Throughput (Texture Reads)",5.298870GB/s,5.819818GB/s,5.437061GB/s
"GeForce GTX 950 (0)","bitonicSortShared1(unsigned int*, unsigned int*, unsigned int*, unsigned int*)",10,"l2_tex_write_throughput","L2 Throughput (Texture Writes)",5.298870GB/s,5.819818GB/s,5.437061GB/s
"GeForce GTX 950 (0)","bitonicSortShared1(unsigned int*, unsigned int*, unsigned int*, unsigned int*)",10,"l2_tex_read_transactions","L2 Transactions (Texture Reads)",262144,262144,262144
"GeForce GTX 950 (0)","bitonicSortShared1(unsigned int*, unsigned int*, unsigned int*, unsigned int*)",10,"l2_tex_write_transactions","L2 Transactions (Texture Writes)",262144,262144,262144
"GeForce GTX 950 (0)","bitonicSortShared1(unsigned int*, unsigned int*, unsigned int*, unsigned int*)",10,"l2_read_throughput","L2 Throughput (Reads)",5.310331GB/s,5.833915GB/s,5.449168GB/s
"GeForce GTX 950 (0)","bitonicSortShared1(unsigned int*, unsigned int*, unsigned int*, unsigned int*)",10,"l2_write_throughput","L2 Throughput (Writes)",5.298991GB/s,5.819951GB/s,5.437061GB/s
"GeForce GTX 950 (0)","bitonicSortShared1(unsigned int*, unsigned int*, unsigned int*, unsigned int*)",10,"sysmem_read_throughput","System Memory Read Throughput",0.000000B/s,0.000000B/s,0.000000B/s
"GeForce GTX 950 (0)","bitonicSortShared1(unsigned int*, unsigned int*, unsigned int*, unsigned int*)",10,"sysmem_write_throughput","System Memory Write Throughput",105.976562KB/s,116.395508KB/s,0.000000B/s
"GeForce GTX 950 (0)","bitonicSortShared1(unsigned int*, unsigned int*, unsigned int*, unsigned int*)",10,"l2_utilization","L2 Cache Utilization","Low (1)","Low (1)","Low (1)"
"GeForce GTX 950 (0)","bitonicSortShared1(unsigned int*, unsigned int*, unsigned int*, unsigned int*)",10,"l2_atomic_throughput","L2 Throughput (Atomic requests)",0.000000B/s,0.000000B/s,0.000000B/s
"GeForce GTX 950 (0)","bitonicSortShared1(unsigned int*, unsigned int*, unsigned int*, unsigned int*)",10,"l2_atomic_transactions","L2 Transactions (Atomic requests)",0,0,0
"GeForce GTX 950 (0)","bitonicSortShared1(unsigned int*, unsigned int*, unsigned int*, unsigned int*)",10,"sysmem_utilization","System Memory Utilization","Low (1)","Low (1)","Low (1)"
"GeForce GTX 950 (0)","bitonicSortShared1(unsigned int*, unsigned int*, unsigned int*, unsigned int*)",10,"ecc_throughput","ECC Throughput",0.000000B/s,0.000000B/s,0.000000B/s
"GeForce GTX 950 (0)","bitonicSortShared1(unsigned int*, unsigned int*, unsigned int*, unsigned int*)",10,"sysmem_read_utilization","System Memory Read Utilization","Idle (0)","Idle (0)","Idle (0)"
"GeForce GTX 950 (0)","bitonicSortShared1(unsigned int*, unsigned int*, unsigned int*, unsigned int*)",10,"sysmem_write_utilization","System Memory Write Utilization","Low (1)","Low (1)","Low (1)"
"GeForce GTX 950 (0)","bitonicSortShared1(unsigned int*, unsigned int*, unsigned int*, unsigned int*)",10,"eligible_warps_per_cycle","Eligible Warps Per Active Cycle",1.469093,1.474044,1.471104
"GeForce GTX 950 (0)","bitonicSortShared1(unsigned int*, unsigned int*, unsigned int*, unsigned int*)",10,"flop_sp_efficiency","FLOP Efficiency(Peak Single)",0.000000%,0.000000%,0.000000%
"GeForce GTX 950 (0)","bitonicSortShared1(unsigned int*, unsigned int*, unsigned int*, unsigned int*)",10,"flop_dp_efficiency","FLOP Efficiency(Peak Double)",0.000000%,0.000000%,0.000000%
"GeForce GTX 950 (0)","bitonicMergeGlobal(unsigned int*, unsigned int*, unsigned int*, unsigned int*, unsigned int, unsigned int, unsigned int, unsigned int)",220,"sm_efficiency","Multiprocessor Activity",97.927720%,98.619731%,98.375629%
"GeForce GTX 950 (0)","bitonicMergeGlobal(unsigned int*, unsigned int*, unsigned int*, unsigned int*, unsigned int, unsigned int, unsigned int, unsigned int)",220,"achieved_occupancy","Achieved Occupancy",0.826279,0.851203,0.840088
"GeForce GTX 950 (0)","bitonicMergeGlobal(unsigned int*, unsigned int*, unsigned int*, unsigned int*, unsigned int, unsigned int, unsigned int, unsigned int)",220,"ipc","Executed IPC",0.601913,0.734623,0.636679
"GeForce GTX 950 (0)","bitonicMergeGlobal(unsigned int*, unsigned int*, unsigned int*, unsigned int*, unsigned int, unsigned int, unsigned int, unsigned int)",220,"issued_ipc","Issued IPC",0.603890,0.736116,0.638069
"GeForce GTX 950 (0)","bitonicMergeGlobal(unsigned int*, unsigned int*, unsigned int*, unsigned int*, unsigned int, unsigned int, unsigned int, unsigned int)",220,"inst_per_warp","Instructions per warp",58.000000,58.000000,58.000000
"GeForce GTX 950 (0)","bitonicMergeGlobal(unsigned int*, unsigned int*, unsigned int*, unsigned int*, unsigned int, unsigned int, unsigned int, unsigned int)",220,"branch_efficiency","Branch Efficiency",100.000000%,100.000000%,100.000000%
"GeForce GTX 950 (0)","bitonicMergeGlobal(unsigned int*, unsigned int*, unsigned int*, unsigned int*, unsigned int, unsigned int, unsigned int, unsigned int)",220,"warp_execution_efficiency","Warp Execution Efficiency",100.000000%,100.000000%,100.000000%
"GeForce GTX 950 (0)","bitonicMergeGlobal(unsigned int*, unsigned int*, unsigned int*, unsigned int*, unsigned int, unsigned int, unsigned int, unsigned int)",220,"warp_nonpred_execution_efficiency","Warp Non-Predicated Execution Efficiency",100.000000%,100.000000%,100.000000%
"GeForce GTX 950 (0)","bitonicMergeGlobal(unsigned int*, unsigned int*, unsigned int*, unsigned int*, unsigned int, unsigned int, unsigned int, unsigned int)",220,"inst_replay_overhead","Instruction Replay Overhead",0.002251,0.002341,0.002270
"GeForce GTX 950 (0)","bitonicMergeGlobal(unsigned int*, unsigned int*, unsigned int*, unsigned int*, unsigned int, unsigned int, unsigned int, unsigned int)",220,"issue_slot_utilization","Issue Slot Utilization",13.526842%,16.488644%,14.292421%
"GeForce GTX 950 (0)","bitonicMergeGlobal(unsigned int*, unsigned int*, unsigned int*, unsigned int*, unsigned int, unsigned int, unsigned int, unsigned int)",220,"shared_load_transactions_per_request","Shared Memory Load Transactions Per Request",0.000000,0.000000,0.000000
"GeForce GTX 950 (0)","bitonicMergeGlobal(unsigned int*, unsigned int*, unsigned int*, unsigned int*, unsigned int, unsigned int, unsigned int, unsigned int)",220,"shared_store_transactions_per_request","Shared Memory Store Transactions Per Request",0.000000,0.000000,0.000000
"GeForce GTX 950 (0)","bitonicMergeGlobal(unsigned int*, unsigned int*, unsigned int*, unsigned int*, unsigned int, unsigned int, unsigned int, unsigned int)",220,"local_load_transactions_per_request","Local Memory Load Transactions Per Request",0.000000,0.000000,0.000000
"GeForce GTX 950 (0)","bitonicMergeGlobal(unsigned int*, unsigned int*, unsigned int*, unsigned int*, unsigned int, unsigned int, unsigned int, unsigned int)",220,"local_store_transactions_per_request","Local Memory Store Transactions Per Request",0.000000,0.000000,0.000000
"GeForce GTX 950 (0)","bitonicMergeGlobal(unsigned int*, unsigned int*, unsigned int*, unsigned int*, unsigned int, unsigned int, unsigned int, unsigned int)",220,"gld_transactions_per_request","Global Load Transactions Per Request",8.000000,8.000000,8.000000
"GeForce GTX 950 (0)","bitonicMergeGlobal(unsigned int*, unsigned int*, unsigned int*, unsigned int*, unsigned int, unsigned int, unsigned int, unsigned int)",220,"gst_transactions_per_request","Global Store Transactions Per Request",4.000000,4.000000,4.000000
"GeForce GTX 950 (0)","bitonicMergeGlobal(unsigned int*, unsigned int*, unsigned int*, unsigned int*, unsigned int, unsigned int, unsigned int, unsigned int)",220,"shared_store_transactions","Shared Store Transactions",0,0,0
"GeForce GTX 950 (0)","bitonicMergeGlobal(unsigned int*, unsigned int*, unsigned int*, unsigned int*, unsigned int, unsigned int, unsigned int, unsigned int)",220,"shared_load_transactions","Shared Load Transactions",0,0,0
"GeForce GTX 950 (0)","bitonicMergeGlobal(unsigned int*, unsigned int*, unsigned int*, unsigned int*, unsigned int, unsigned int, unsigned int, unsigned int)",220,"local_load_transactions","Local Load Transactions",0,0,0
"GeForce GTX 950 (0)","bitonicMergeGlobal(unsigned int*, unsigned int*, unsigned int*, unsigned int*, unsigned int, unsigned int, unsigned int, unsigned int)",220,"local_store_transactions","Local Store Transactions",0,0,0
"GeForce GTX 950 (0)","bitonicMergeGlobal(unsigned int*, unsigned int*, unsigned int*, unsigned int*, unsigned int, unsigned int, unsigned int, unsigned int)",220,"gld_transactions","Global Load Transactions",524288,524288,524288
"GeForce GTX 950 (0)","bitonicMergeGlobal(unsigned int*, unsigned int*, unsigned int*, unsigned int*, unsigned int, unsigned int, unsigned int, unsigned int)",220,"gst_transactions","Global Store Transactions",262144,262144,262144
"GeForce GTX 950 (0)","bitonicMergeGlobal(unsigned int*, unsigned int*, unsigned int*, unsigned int*, unsigned int, unsigned int, unsigned int, unsigned int)",220,"dram_read_transactions","Device Memory Read Transactions",262159,262199,262173
"GeForce GTX 950 (0)","bitonicMergeGlobal(unsigned int*, unsigned int*, unsigned int*, unsigned int*, unsigned int, unsigned int, unsigned int, unsigned int)",220,"dram_write_transactions","Device Memory Write Transactions",258606,261734,260421
"GeForce GTX 950 (0)","bitonicMergeGlobal(unsigned int*, unsigned int*, unsigned int*, unsigned int*, unsigned int, unsigned int, unsigned int, unsigned int)",220,"global_hit_rate","Global Hit Rate",50.000000%,50.000000%,50.000000%
"GeForce GTX 950 (0)","bitonicMergeGlobal(unsigned int*, unsigned int*, unsigned int*, unsigned int*, unsigned int, unsigned int, unsigned int, unsigned int)",220,"local_hit_rate","Local Hit Rate",0.000000%,0.000000%,0.000000%
"GeForce GTX 950 (0)","bitonicMergeGlobal(unsigned int*, unsigned int*, unsigned int*, unsigned int*, unsigned int, unsigned int, unsigned int, unsigned int)",220,"gld_requested_throughput","Requested Global Load Throughput",42.943993GB/s,43.487579GB/s,43.330714GB/s
"GeForce GTX 950 (0)","bitonicMergeGlobal(unsigned int*, unsigned int*, unsigned int*, unsigned int*, unsigned int, unsigned int, unsigned int, unsigned int)",220,"gst_requested_throughput","Requested Global Store Throughput",42.943993GB/s,43.487579GB/s,43.330714GB/s
"GeForce GTX 950 (0)","bitonicMergeGlobal(unsigned int*, unsigned int*, unsigned int*, unsigned int*, unsigned int, unsigned int, unsigned int, unsigned int)",220,"gld_throughput","Global Load Throughput",42.943993GB/s,43.487579GB/s,43.330714GB/s
"GeForce GTX 950 (0)","bitonicMergeGlobal(unsigned int*, unsigned int*, unsigned int*, unsigned int*, unsigned int, unsigned int, unsigned int, unsigned int)",220,"gst_throughput","Global Store Throughput",42.943993GB/s,43.487579GB/s,43.330714GB/s
"GeForce GTX 950 (0)","bitonicMergeGlobal(unsigned int*, unsigned int*, unsigned int*, unsigned int*, unsigned int, unsigned int, unsigned int, unsigned int)",220,"dram_read_throughput","Device Memory Read Throughput",42.946922GB/s,43.490067GB/s,43.335371GB/s
"GeForce GTX 950 (0)","bitonicMergeGlobal(unsigned int*, unsigned int*, unsigned int*, unsigned int*, unsigned int, unsigned int, unsigned int, unsigned int)",220,"dram_write_throughput","Device Memory Write Throughput",42.748350GB/s,43.273389GB/s,43.045729GB/s
"GeForce GTX 950 (0)","bitonicMergeGlobal(unsigned int*, unsigned int*, unsigned int*, unsigned int*, unsigned int, unsigned int, unsigned int, unsigned int)",220,"tex_cache_throughput","Unified Cache Throughput",42.943993GB/s,43.487579GB/s,43.330714GB/s
"GeForce GTX 950 (0)","bitonicMergeGlobal(unsigned int*, unsigned int*, unsigned int*, unsigned int*, unsigned int, unsigned int, unsigned int, unsigned int)",220,"local_load_throughput","Local Memory Load Throughput",0.000000B/s,0.000000B/s,0.000000B/s
"GeForce GTX 950 (0)","bitonicMergeGlobal(unsigned int*, unsigned int*, unsigned int*, unsigned int*, unsigned int, unsigned int, unsigned int, unsigned int)",220,"local_store_throughput","Local Memory Store Throughput",0.000000B/s,0.000000B/s,0.000000B/s
"GeForce GTX 950 (0)","bitonicMergeGlobal(unsigned int*, unsigned int*, unsigned int*, unsigned int*, unsigned int, unsigned int, unsigned int, unsigned int)",220,"shared_load_throughput","Shared Memory Load Throughput",0.000000B/s,0.000000B/s,0.000000B/s
"GeForce GTX 950 (0)","bitonicMergeGlobal(unsigned int*, unsigned int*, unsigned int*, unsigned int*, unsigned int, unsigned int, unsigned int, unsigned int)",220,"shared_store_throughput","Shared Memory Store Throughput",0.000000B/s,0.000000B/s,0.000000B/s
"GeForce GTX 950 (0)","bitonicMergeGlobal(unsigned int*, unsigned int*, unsigned int*, unsigned int*, unsigned int, unsigned int, unsigned int, unsigned int)",220,"gld_efficiency","Global Memory Load Efficiency",100.000000%,100.000000%,100.000000%
"GeForce GTX 950 (0)","bitonicMergeGlobal(unsigned int*, unsigned int*, unsigned int*, unsigned int*, unsigned int, unsigned int, unsigned int, unsigned int)",220,"gst_efficiency","Global Memory Store Efficiency",100.000000%,100.000000%,100.000000%
"GeForce GTX 950 (0)","bitonicMergeGlobal(unsigned int*, unsigned int*, unsigned int*, unsigned int*, unsigned int, unsigned int, unsigned int, unsigned int)",220,"tex_cache_transactions","Unified Cache Transactions",262144,262144,262144
"GeForce GTX 950 (0)","bitonicMergeGlobal(unsigned int*, unsigned int*, unsigned int*, unsigned int*, unsigned int, unsigned int, unsigned int, unsigned int)",220,"cf_fu_utilization","Control-Flow Function Unit Utilization","Low (1)","Low (1)","Low (1)"
"GeForce GTX 950 (0)","bitonicMergeGlobal(unsigned int*, unsigned int*, unsigned int*, unsigned int*, unsigned int, unsigned int, unsigned int, unsigned int)",220,"tex_fu_utilization","Texture Function Unit Utilization","Low (2)","Low (3)","Low (2)"
"GeForce GTX 950 (0)","bitonicMergeGlobal(unsigned int*, unsigned int*, unsigned int*, unsigned int*, unsigned int, unsigned int, unsigned int, unsigned int)",220,"ldst_fu_utilization","Load/Store Function Unit Utilization","Low (1)","Low (1)","Low (1)"
"GeForce GTX 950 (0)","bitonicMergeGlobal(unsigned int*, unsigned int*, unsigned int*, unsigned int*, unsigned int, unsigned int, unsigned int, unsigned int)",220,"double_precision_fu_utilization","Double-Precision Function Unit Utilization","Idle (0)","Idle (0)","Idle (0)"
"GeForce GTX 950 (0)","bitonicMergeGlobal(unsigned int*, unsigned int*, unsigned int*, unsigned int*, unsigned int, unsigned int, unsigned int, unsigned int)",220,"special_fu_utilization","Special Function Unit Utilization","Idle (0)","Idle (0)","Idle (0)"
"GeForce GTX 950 (0)","bitonicMergeGlobal(unsigned int*, unsigned int*, unsigned int*, unsigned int*, unsigned int, unsigned int, unsigned int, unsigned int)",220,"single_precision_fu_utilization","Single-Precision Function Unit Utilization","Low (2)","Low (2)","Low (2)"
"GeForce GTX 950 (0)","bitonicMergeGlobal(unsigned int*, unsigned int*, unsigned int*, unsigned int*, unsigned int, unsigned int, unsigned int, unsigned int)",220,"flop_count_dp","Floating Point Operations(Double Precision)",0,0,0
"GeForce GTX 950 (0)","bitonicMergeGlobal(unsigned int*, unsigned int*, unsigned int*, unsigned int*, unsigned int, unsigned int, unsigned int, unsigned int)",220,"flop_count_dp_add","Floating Point Operations(Double Precision Add)",0,0,0
"GeForce GTX 950 (0)","bitonicMergeGlobal(unsigned int*, unsigned int*, unsigned int*, unsigned int*, unsigned int, unsigned int, unsigned int, unsigned int)",220,"flop_count_dp_fma","Floating Point Operations(Double Precision FMA)",0,0,0
"GeForce GTX 950 (0)","bitonicMergeGlobal(unsigned int*, unsigned int*, unsigned int*, unsigned int*, unsigned int, unsigned int, unsigned int, unsigned int)",220,"flop_count_dp_mul","Floating Point Operations(Double Precision Mul)",0,0,0
"GeForce GTX 950 (0)","bitonicMergeGlobal(unsigned int*, unsigned int*, unsigned int*, unsigned int*, unsigned int, unsigned int, unsigned int, unsigned int)",220,"flop_count_sp","Floating Point Operations(Single Precision)",0,0,0
"GeForce GTX 950 (0)","bitonicMergeGlobal(unsigned int*, unsigned int*, unsigned int*, unsigned int*, unsigned int, unsigned int, unsigned int, unsigned int)",220,"flop_count_sp_add","Floating Point Operations(Single Precision Add)",0,0,0
"GeForce GTX 950 (0)","bitonicMergeGlobal(unsigned int*, unsigned int*, unsigned int*, unsigned int*, unsigned int, unsigned int, unsigned int, unsigned int)",220,"flop_count_sp_fma","Floating Point Operations(Single Precision FMA)",0,0,0
"GeForce GTX 950 (0)","bitonicMergeGlobal(unsigned int*, unsigned int*, unsigned int*, unsigned int*, unsigned int, unsigned int, unsigned int, unsigned int)",220,"flop_count_sp_mul","Floating Point Operation(Single Precision Mul)",0,0,0
"GeForce GTX 950 (0)","bitonicMergeGlobal(unsigned int*, unsigned int*, unsigned int*, unsigned int*, unsigned int, unsigned int, unsigned int, unsigned int)",220,"flop_count_sp_special","Floating Point Operations(Single Precision Special)",0,0,0
"GeForce GTX 950 (0)","bitonicMergeGlobal(unsigned int*, unsigned int*, unsigned int*, unsigned int*, unsigned int, unsigned int, unsigned int, unsigned int)",220,"inst_executed","Instructions Executed",950272,950272,950272
"GeForce GTX 950 (0)","bitonicMergeGlobal(unsigned int*, unsigned int*, unsigned int*, unsigned int*, unsigned int, unsigned int, unsigned int, unsigned int)",220,"inst_issued","Instructions Issued",952411,952459,952429
"GeForce GTX 950 (0)","bitonicMergeGlobal(unsigned int*, unsigned int*, unsigned int*, unsigned int*, unsigned int, unsigned int, unsigned int, unsigned int)",220,"dram_utilization","Device Memory Utilization","High (9)","High (9)","High (9)"
"GeForce GTX 950 (0)","bitonicMergeGlobal(unsigned int*, unsigned int*, unsigned int*, unsigned int*, unsigned int, unsigned int, unsigned int, unsigned int)",220,"tex_utilization","Unified Cache Utilization","Low (1)","Low (1)","Low (1)"
"GeForce GTX 950 (0)","bitonicMergeGlobal(unsigned int*, unsigned int*, unsigned int*, unsigned int*, unsigned int, unsigned int, unsigned int, unsigned int)",220,"shared_efficiency","Shared Memory Efficiency",0.000000%,0.000000%,0.000000%
"GeForce GTX 950 (0)","bitonicMergeGlobal(unsigned int*, unsigned int*, unsigned int*, unsigned int*, unsigned int, unsigned int, unsigned int, unsigned int)",220,"shared_utilization","Shared Memory Utilization","Idle (0)","Idle (0)","Idle (0)"
"GeForce GTX 950 (0)","bitonicMergeGlobal(unsigned int*, unsigned int*, unsigned int*, unsigned int*, unsigned int, unsigned int, unsigned int, unsigned int)",220,"inst_fp_32","FP Instructions(Single)",0,0,0
"GeForce GTX 950 (0)","bitonicMergeGlobal(unsigned int*, unsigned int*, unsigned int*, unsigned int*, unsigned int, unsigned int, unsigned int, unsigned int)",220,"inst_fp_64","FP Instructions(Double)",0,0,0
"GeForce GTX 950 (0)","bitonicMergeGlobal(unsigned int*, unsigned int*, unsigned int*, unsigned int*, unsigned int, unsigned int, unsigned int, unsigned int)",220,"inst_integer","Integer Instructions",17825792,17825792,17825792
"GeForce GTX 950 (0)","bitonicMergeGlobal(unsigned int*, unsigned int*, unsigned int*, unsigned int*, unsigned int, unsigned int, unsigned int, unsigned int)",220,"inst_bit_convert","Bit-Convert Instructions",0,0,0
"GeForce GTX 950 (0)","bitonicMergeGlobal(unsigned int*, unsigned int*, unsigned int*, unsigned int*, unsigned int, unsigned int, unsigned int, unsigned int)",220,"inst_control","Control-Flow Instructions",524288,524288,524288
"GeForce GTX 950 (0)","bitonicMergeGlobal(unsigned int*, unsigned int*, unsigned int*, unsigned int*, unsigned int, unsigned int, unsigned int, unsigned int)",220,"inst_compute_ld_st","Load/Store Instructions",4194304,4194304,4194304
"GeForce GTX 950 (0)","bitonicMergeGlobal(unsigned int*, unsigned int*, unsigned int*, unsigned int*, unsigned int, unsigned int, unsigned int, unsigned int)",220,"inst_misc","Misc Instructions",7864320,7864320,7864320
"GeForce GTX 950 (0)","bitonicMergeGlobal(unsigned int*, unsigned int*, unsigned int*, unsigned int*, unsigned int, unsigned int, unsigned int, unsigned int)",220,"inst_inter_thread_communication","Inter-Thread Instructions",0,0,0
"GeForce GTX 950 (0)","bitonicMergeGlobal(unsigned int*, unsigned int*, unsigned int*, unsigned int*, unsigned int, unsigned int, unsigned int, unsigned int)",220,"issue_slots","Issue Slots",853342,853387,853357
"GeForce GTX 950 (0)","bitonicMergeGlobal(unsigned int*, unsigned int*, unsigned int*, unsigned int*, unsigned int, unsigned int, unsigned int, unsigned int)",220,"cf_issued","Issued Control-Flow Instructions",16384,16384,16384
"GeForce GTX 950 (0)","bitonicMergeGlobal(unsigned int*, unsigned int*, unsigned int*, unsigned int*, unsigned int, unsigned int, unsigned int, unsigned int)",220,"cf_executed","Executed Control-Flow Instructions",16384,16384,16384
"GeForce GTX 950 (0)","bitonicMergeGlobal(unsigned int*, unsigned int*, unsigned int*, unsigned int*, unsigned int, unsigned int, unsigned int, unsigned int)",220,"ldst_issued","Issued Load/Store Instructions",557056,557056,557056
"GeForce GTX 950 (0)","bitonicMergeGlobal(unsigned int*, unsigned int*, unsigned int*, unsigned int*, unsigned int, unsigned int, unsigned int, unsigned int)",220,"ldst_executed","Executed Load/Store Instructions",163840,163840,163840
"GeForce GTX 950 (0)","bitonicMergeGlobal(unsigned int*, unsigned int*, unsigned int*, unsigned int*, unsigned int, unsigned int, unsigned int, unsigned int)",220,"atomic_transactions","Atomic Transactions",0,0,0
"GeForce GTX 950 (0)","bitonicMergeGlobal(unsigned int*, unsigned int*, unsigned int*, unsigned int*, unsigned int, unsigned int, unsigned int, unsigned int)",220,"atomic_transactions_per_request","Atomic Transactions Per Request",0.000000,0.000000,0.000000
"GeForce GTX 950 (0)","bitonicMergeGlobal(unsigned int*, unsigned int*, unsigned int*, unsigned int*, unsigned int, unsigned int, unsigned int, unsigned int)",220,"stall_inst_fetch","Issue Stall Reasons (Instructions Fetch)",0.548164%,1.171662%,0.669943%
"GeForce GTX 950 (0)","bitonicMergeGlobal(unsigned int*, unsigned int*, unsigned int*, unsigned int*, unsigned int, unsigned int, unsigned int, unsigned int)",220,"stall_exec_dependency","Issue Stall Reasons (Execution Dependency)",18.082962%,21.128745%,18.999447%
"GeForce GTX 950 (0)","bitonicMergeGlobal(unsigned int*, unsigned int*, unsigned int*, unsigned int*, unsigned int, unsigned int, unsigned int, unsigned int)",220,"stall_memory_dependency","Issue Stall Reasons (Data Request)",52.523192%,59.312224%,57.512019%
"GeForce GTX 950 (0)","bitonicMergeGlobal(unsigned int*, unsigned int*, unsigned int*, unsigned int*, unsigned int, unsigned int, unsigned int, unsigned int)",220,"stall_texture","Issue Stall Reasons (Texture)",1.717267%,2.490685%,2.136684%
"GeForce GTX 950 (0)","bitonicMergeGlobal(unsigned int*, unsigned int*, unsigned int*, unsigned int*, unsigned int, unsigned int, unsigned int, unsigned int)",220,"stall_sync","Issue Stall Reasons (Synchronization)",0.000000%,0.000000%,0.000000%
"GeForce GTX 950 (0)","bitonicMergeGlobal(unsigned int*, unsigned int*, unsigned int*, unsigned int*, unsigned int, unsigned int, unsigned int, unsigned int)",220,"stall_other","Issue Stall Reasons (Other)",1.887507%,2.701021%,2.209294%
"GeForce GTX 950 (0)","bitonicMergeGlobal(unsigned int*, unsigned int*, unsigned int*, unsigned int*, unsigned int, unsigned int, unsigned int, unsigned int)",220,"stall_constant_memory_dependency","Issue Stall Reasons (Immediate constant)",0.257368%,0.841915%,0.324065%
"GeForce GTX 950 (0)","bitonicMergeGlobal(unsigned int*, unsigned int*, unsigned int*, unsigned int*, unsigned int, unsigned int, unsigned int, unsigned int)",220,"stall_pipe_busy","Issue Stall Reasons (Pipe Busy)",0.214032%,0.288857%,0.237693%
"GeForce GTX 950 (0)","bitonicMergeGlobal(unsigned int*, unsigned int*, unsigned int*, unsigned int*, unsigned int, unsigned int, unsigned int, unsigned int)",220,"stall_memory_throttle","Issue Stall Reasons (Memory Throttle)",16.654832%,19.727564%,17.441832%
"GeForce GTX 950 (0)","bitonicMergeGlobal(unsigned int*, unsigned int*, unsigned int*, unsigned int*, unsigned int, unsigned int, unsigned int, unsigned int)",220,"stall_not_selected","Issue Stall Reasons (Not Selected)",0.409773%,0.573205%,0.469023%
"GeForce GTX 950 (0)","bitonicMergeGlobal(unsigned int*, unsigned int*, unsigned int*, unsigned int*, unsigned int, unsigned int, unsigned int, unsigned int)",220,"sysmem_read_transactions","System Memory Read Transactions",0,0,0
"GeForce GTX 950 (0)","bitonicMergeGlobal(unsigned int*, unsigned int*, unsigned int*, unsigned int*, unsigned int, unsigned int, unsigned int, unsigned int)",220,"sysmem_write_transactions","System Memory Write Transactions",5,5,5
"GeForce GTX 950 (0)","bitonicMergeGlobal(unsigned int*, unsigned int*, unsigned int*, unsigned int*, unsigned int, unsigned int, unsigned int, unsigned int)",220,"l2_read_transactions","L2 Read Transactions",262199,262431,262231
"GeForce GTX 950 (0)","bitonicMergeGlobal(unsigned int*, unsigned int*, unsigned int*, unsigned int*, unsigned int, unsigned int, unsigned int, unsigned int)",220,"l2_write_transactions","L2 Write Transactions",262150,262150,262150
"GeForce GTX 950 (0)","bitonicMergeGlobal(unsigned int*, unsigned int*, unsigned int*, unsigned int*, unsigned int, unsigned int, unsigned int, unsigned int)",220,"ecc_transactions","ECC Transactions",0,0,0
"GeForce GTX 950 (0)","bitonicMergeGlobal(unsigned int*, unsigned int*, unsigned int*, unsigned int*, unsigned int, unsigned int, unsigned int, unsigned int)",220,"local_memory_overhead","Local Memory Overhead",0.000000%,0.000000%,0.000000%
"GeForce GTX 950 (0)","bitonicMergeGlobal(unsigned int*, unsigned int*, unsigned int*, unsigned int*, unsigned int, unsigned int, unsigned int, unsigned int)",220,"tex_cache_hit_rate","Unified Cache Hit Rate",50.000000%,50.000000%,50.000000%
"GeForce GTX 950 (0)","bitonicMergeGlobal(unsigned int*, unsigned int*, unsigned int*, unsigned int*, unsigned int, unsigned int, unsigned int, unsigned int)",220,"l2_tex_read_hit_rate","L2 Hit Rate (Texture Reads)",0.000000%,0.000000%,0.000000%
"GeForce GTX 950 (0)","bitonicMergeGlobal(unsigned int*, unsigned int*, unsigned int*, unsigned int*, unsigned int, unsigned int, unsigned int, unsigned int)",220,"l2_tex_write_hit_rate","L2 Hit Rate (Texture Writes)",99.995422%,100.000000%,99.999945%
"GeForce GTX 950 (0)","bitonicMergeGlobal(unsigned int*, unsigned int*, unsigned int*, unsigned int*, unsigned int, unsigned int, unsigned int, unsigned int)",220,"l2_tex_read_throughput","L2 Throughput (Texture Reads)",42.943993GB/s,43.487579GB/s,43.330714GB/s
"GeForce GTX 950 (0)","bitonicMergeGlobal(unsigned int*, unsigned int*, unsigned int*, unsigned int*, unsigned int, unsigned int, unsigned int, unsigned int)",220,"l2_tex_write_throughput","L2 Throughput (Texture Writes)",42.943993GB/s,43.487579GB/s,43.330714GB/s
"GeForce GTX 950 (0)","bitonicMergeGlobal(unsigned int*, unsigned int*, unsigned int*, unsigned int*, unsigned int, unsigned int, unsigned int, unsigned int)",220,"l2_tex_read_transactions","L2 Transactions (Texture Reads)",262144,262144,262144
"GeForce GTX 950 (0)","bitonicMergeGlobal(unsigned int*, unsigned int*, unsigned int*, unsigned int*, unsigned int, unsigned int, unsigned int, unsigned int)",220,"l2_tex_write_transactions","L2 Transactions (Texture Writes)",262144,262144,262144
"GeForce GTX 950 (0)","bitonicMergeGlobal(unsigned int*, unsigned int*, unsigned int*, unsigned int*, unsigned int, unsigned int, unsigned int, unsigned int)",220,"l2_read_throughput","L2 Throughput (Reads)",42.953475GB/s,43.498119GB/s,43.345615GB/s
"GeForce GTX 950 (0)","bitonicMergeGlobal(unsigned int*, unsigned int*, unsigned int*, unsigned int*, unsigned int, unsigned int, unsigned int, unsigned int)",220,"l2_write_throughput","L2 Throughput (Writes)",42.944976GB/s,43.488574GB/s,43.331645GB/s
"GeForce GTX 950 (0)","bitonicMergeGlobal(unsigned int*, unsigned int*, unsigned int*, unsigned int*, unsigned int, unsigned int, unsigned int, unsigned int)",220,"sysmem_read_throughput","System Memory Read Throughput",0.000000B/s,0.000000B/s,0.000000B/s
"GeForce GTX 950 (0)","bitonicMergeGlobal(unsigned int*, unsigned int*, unsigned int*, unsigned int*, unsigned int, unsigned int, unsigned int, unsigned int)",220,"sysmem_write_throughput","System Memory Write Throughput",858.878906KB/s,869.750977KB/s,0.000000B/s
"GeForce GTX 950 (0)","bitonicMergeGlobal(unsigned int*, unsigned int*, unsigned int*, unsigned int*, unsigned int, unsigned int, unsigned int, unsigned int)",220,"l2_utilization","L2 Cache Utilization","Low (3)","Low (3)","Low (3)"
"GeForce GTX 950 (0)","bitonicMergeGlobal(unsigned int*, unsigned int*, unsigned int*, unsigned int*, unsigned int, unsigned int, unsigned int, unsigned int)",220,"l2_atomic_throughput","L2 Throughput (Atomic requests)",0.000000B/s,0.000000B/s,0.000000B/s
"GeForce GTX 950 (0)","bitonicMergeGlobal(unsigned int*, unsigned int*, unsigned int*, unsigned int*, unsigned int, unsigned int, unsigned int, unsigned int)",220,"l2_atomic_transactions","L2 Transactions (Atomic requests)",0,0,0
"GeForce GTX 950 (0)","bitonicMergeGlobal(unsigned int*, unsigned int*, unsigned int*, unsigned int*, unsigned int, unsigned int, unsigned int, unsigned int)",220,"sysmem_utilization","System Memory Utilization","Low (1)","Low (1)","Low (1)"
"GeForce GTX 950 (0)","bitonicMergeGlobal(unsigned int*, unsigned int*, unsigned int*, unsigned int*, unsigned int, unsigned int, unsigned int, unsigned int)",220,"ecc_throughput","ECC Throughput",0.000000B/s,0.000000B/s,0.000000B/s
"GeForce GTX 950 (0)","bitonicMergeGlobal(unsigned int*, unsigned int*, unsigned int*, unsigned int*, unsigned int, unsigned int, unsigned int, unsigned int)",220,"sysmem_read_utilization","System Memory Read Utilization","Idle (0)","Idle (0)","Idle (0)"
"GeForce GTX 950 (0)","bitonicMergeGlobal(unsigned int*, unsigned int*, unsigned int*, unsigned int*, unsigned int, unsigned int, unsigned int, unsigned int)",220,"sysmem_write_utilization","System Memory Write Utilization","Low (1)","Low (1)","Low (1)"
"GeForce GTX 950 (0)","bitonicMergeGlobal(unsigned int*, unsigned int*, unsigned int*, unsigned int*, unsigned int, unsigned int, unsigned int, unsigned int)",220,"eligible_warps_per_cycle","Eligible Warps Per Active Cycle",0.763007,0.959755,0.819329
"GeForce GTX 950 (0)","bitonicMergeGlobal(unsigned int*, unsigned int*, unsigned int*, unsigned int*, unsigned int, unsigned int, unsigned int, unsigned int)",220,"flop_sp_efficiency","FLOP Efficiency(Peak Single)",0.000000%,0.000000%,0.000000%
"GeForce GTX 950 (0)","bitonicMergeGlobal(unsigned int*, unsigned int*, unsigned int*, unsigned int*, unsigned int, unsigned int, unsigned int, unsigned int)",220,"flop_dp_efficiency","FLOP Efficiency(Peak Double)",0.000000%,0.000000%,0.000000%
