==4853== NVPROF is profiling process 4853, command: ./bfs -i ../../datasets/bfs/NY/input/graph_input.dat -o out.dat -d 0
==4853== Some kernel(s) will be replayed on device 0 in order to collect all events/metrics.
==4853== Profiling application: ./bfs -i ../../datasets/bfs/NY/input/graph_input.dat -o out.dat -d 0
==4853== Profiling result:
==4853== Metric result:
"Device","Kernel","Invocations","Metric Name","Metric Description","Min","Max","Avg"
"GeForce GTX 950 (0)","BFS_kernel_multi_blk_inGPU(int*, int*, int2*, int2*, int*, int*, int*, int*, int, int, int*, int*, int*, int*)",5,"sm_efficiency","Multiprocessor Activity",90.521039%,99.840277%,95.946905%
"GeForce GTX 950 (0)","BFS_kernel_multi_blk_inGPU(int*, int*, int2*, int2*, int*, int*, int*, int*, int, int, int*, int*, int*, int*)",5,"achieved_occupancy","Achieved Occupancy",0.579208,0.583261,0.581469
"GeForce GTX 950 (0)","BFS_kernel_multi_blk_inGPU(int*, int*, int2*, int2*, int*, int*, int*, int*, int, int, int*, int*, int*, int*)",5,"ipc","Executed IPC",0.169246,0.219324,0.191906
"GeForce GTX 950 (0)","BFS_kernel_multi_blk_inGPU(int*, int*, int2*, int2*, int*, int*, int*, int*, int, int, int*, int*, int*, int*)",5,"issued_ipc","Issued IPC",0.174630,0.219557,0.193871
"GeForce GTX 950 (0)","BFS_kernel_multi_blk_inGPU(int*, int*, int2*, int2*, int*, int*, int*, int*, int, int, int*, int*, int*, int*)",5,"inst_per_warp","Instructions per warp",157.071429,12829.540179,3126.397321
"GeForce GTX 950 (0)","BFS_kernel_multi_blk_inGPU(int*, int*, int2*, int2*, int*, int*, int*, int*, int, int, int*, int*, int*, int*)",5,"branch_efficiency","Branch Efficiency",97.145319%,98.325041%,97.958826%
"GeForce GTX 950 (0)","BFS_kernel_multi_blk_inGPU(int*, int*, int2*, int2*, int*, int*, int*, int*, int, int, int*, int*, int*, int*)",5,"warp_execution_efficiency","Warp Execution Efficiency",74.552567%,78.839362%,76.634900%
"GeForce GTX 950 (0)","BFS_kernel_multi_blk_inGPU(int*, int*, int2*, int2*, int*, int*, int*, int*, int, int, int*, int*, int*, int*)",5,"warp_nonpred_execution_efficiency","Warp Non-Predicated Execution Efficiency",64.723108%,69.700647%,66.922039%
"GeForce GTX 950 (0)","BFS_kernel_multi_blk_inGPU(int*, int*, int2*, int2*, int*, int*, int*, int*, int, int, int*, int*, int*, int*)",5,"inst_replay_overhead","Instruction Replay Overhead",0.000385,0.030743,0.012411
"GeForce GTX 950 (0)","BFS_kernel_multi_blk_inGPU(int*, int*, int2*, int2*, int*, int*, int*, int*, int, int, int*, int*, int*, int*)",5,"issue_slot_utilization","Issue Slot Utilization",4.124040%,5.178447%,4.580431%
"GeForce GTX 950 (0)","BFS_kernel_multi_blk_inGPU(int*, int*, int2*, int2*, int*, int*, int*, int*, int, int, int*, int*, int*, int*)",5,"shared_load_transactions_per_request","Shared Memory Load Transactions Per Request",1.272092,1.410146,1.307918
"GeForce GTX 950 (0)","BFS_kernel_multi_blk_inGPU(int*, int*, int2*, int2*, int*, int*, int*, int*, int, int, int*, int*, int*, int*)",5,"shared_store_transactions_per_request","Shared Memory Store Transactions Per Request",0.526953,0.693770,0.567821
"GeForce GTX 950 (0)","BFS_kernel_multi_blk_inGPU(int*, int*, int2*, int2*, int*, int*, int*, int*, int, int, int*, int*, int*, int*)",5,"local_load_transactions_per_request","Local Memory Load Transactions Per Request",0.000000,0.000000,0.000000
"GeForce GTX 950 (0)","BFS_kernel_multi_blk_inGPU(int*, int*, int2*, int2*, int*, int*, int*, int*, int, int, int*, int*, int*, int*)",5,"local_store_transactions_per_request","Local Memory Store Transactions Per Request",0.000000,0.000000,0.000000
"GeForce GTX 950 (0)","BFS_kernel_multi_blk_inGPU(int*, int*, int2*, int2*, int*, int*, int*, int*, int, int, int*, int*, int*, int*)",5,"gld_transactions_per_request","Global Load Transactions Per Request",1.933005,2.359946,2.056914
"GeForce GTX 950 (0)","BFS_kernel_multi_blk_inGPU(int*, int*, int2*, int2*, int*, int*, int*, int*, int, int, int*, int*, int*, int*)",5,"gst_transactions_per_request","Global Store Transactions Per Request",7.600501,7.807688,7.681824
"GeForce GTX 950 (0)","BFS_kernel_multi_blk_inGPU(int*, int*, int2*, int2*, int*, int*, int*, int*, int, int, int*, int*, int*, int*)",5,"shared_store_transactions","Shared Store Transactions",870,105281,24718
"GeForce GTX 950 (0)","BFS_kernel_multi_blk_inGPU(int*, int*, int2*, int2*, int*, int*, int*, int*, int, int, int*, int*, int*, int*)",5,"shared_load_transactions","Shared Load Transactions",2001,210037,50379
"GeForce GTX 950 (0)","BFS_kernel_multi_blk_inGPU(int*, int*, int2*, int2*, int*, int*, int*, int*, int, int, int*, int*, int*, int*)",5,"local_load_transactions","Local Load Transactions",0,0,0
"GeForce GTX 950 (0)","BFS_kernel_multi_blk_inGPU(int*, int*, int2*, int2*, int*, int*, int*, int*, int, int, int*, int*, int*, int*)",5,"local_store_transactions","Local Store Transactions",0,0,0
"GeForce GTX 950 (0)","BFS_kernel_multi_blk_inGPU(int*, int*, int2*, int2*, int*, int*, int*, int*, int, int, int*, int*, int*, int*)",5,"gld_transactions","Global Load Transactions",3924,388905,93697
"GeForce GTX 950 (0)","BFS_kernel_multi_blk_inGPU(int*, int*, int2*, int2*, int*, int*, int*, int*, int, int, int*, int*, int*, int*)",5,"gst_transactions","Global Store Transactions",1563,232755,53359
"GeForce GTX 950 (0)","BFS_kernel_multi_blk_inGPU(int*, int*, int2*, int2*, int*, int*, int*, int*, int, int, int*, int*, int*, int*)",5,"dram_read_transactions","Device Memory Read Transactions",2813,193240,45706
"GeForce GTX 950 (0)","BFS_kernel_multi_blk_inGPU(int*, int*, int2*, int2*, int*, int*, int*, int*, int, int, int*, int*, int*, int*)",5,"dram_write_transactions","Device Memory Write Transactions",3703,51709,15738
"GeForce GTX 950 (0)","BFS_kernel_multi_blk_inGPU(int*, int*, int2*, int2*, int*, int*, int*, int*, int, int, int*, int*, int*, int*)",5,"global_hit_rate","Global Hit Rate",32.068243%,35.959618%,34.941418%
"GeForce GTX 950 (0)","BFS_kernel_multi_blk_inGPU(int*, int*, int2*, int2*, int*, int*, int*, int*, int, int, int*, int*, int*, int*)",5,"local_hit_rate","Local Hit Rate",0.000000%,0.000000%,0.000000%
"GeForce GTX 950 (0)","BFS_kernel_multi_blk_inGPU(int*, int*, int2*, int2*, int*, int*, int*, int*, int, int, int*, int*, int*, int*)",5,"gld_requested_throughput","Requested Global Load Throughput",208.388639MB/s,434.734562MB/s,406.265259MB/s
"GeForce GTX 950 (0)","BFS_kernel_multi_blk_inGPU(int*, int*, int2*, int2*, int*, int*, int*, int*, int, int, int*, int*, int*, int*)",5,"gst_requested_throughput","Requested Global Store Throughput",252.831715MB/s,632.730018MB/s,578.880310MB/s
"GeForce GTX 950 (0)","BFS_kernel_multi_blk_inGPU(int*, int*, int2*, int2*, int*, int*, int*, int*, int, int, int*, int*, int*, int*)",5,"gld_throughput","Global Load Throughput",2.470989GB/s,4.316945GB/s,4.116446GB/s
"GeForce GTX 950 (0)","BFS_kernel_multi_blk_inGPU(int*, int*, int2*, int2*, int*, int*, int*, int*, int, int, int*, int*, int*, int*)",5,"gst_throughput","Global Store Throughput",1.507477GB/s,3.801402GB/s,3.481284GB/s
"GeForce GTX 950 (0)","BFS_kernel_multi_blk_inGPU(int*, int*, int2*, int2*, int*, int*, int*, int*, int, int, int*, int*, int*, int*)",5,"dram_read_throughput","Device Memory Read Throughput",2.103675GB/s,3.156035GB/s,2.982095GB/s
"GeForce GTX 950 (0)","BFS_kernel_multi_blk_inGPU(int*, int*, int2*, int2*, int*, int*, int*, int*, int, int, int*, int*, int*, int*)",5,"dram_write_throughput","Device Memory Write Throughput",864.790535MB/s,3.571456GB/s,1.026317GB/s
"GeForce GTX 950 (0)","BFS_kernel_multi_blk_inGPU(int*, int*, int2*, int2*, int*, int*, int*, int*, int, int, int*, int*, int*, int*)",5,"tex_cache_throughput","Unified Cache Throughput",6.025084GB/s,9.719263GB/s,9.241514GB/s
"GeForce GTX 950 (0)","BFS_kernel_multi_blk_inGPU(int*, int*, int2*, int2*, int*, int*, int*, int*, int, int, int*, int*, int*, int*)",5,"local_load_throughput","Local Memory Load Throughput",0.000000B/s,0.000000B/s,0.000000B/s
"GeForce GTX 950 (0)","BFS_kernel_multi_blk_inGPU(int*, int*, int2*, int2*, int*, int*, int*, int*, int, int, int*, int*, int*, int*)",5,"local_store_throughput","Local Memory Store Throughput",0.000000B/s,0.000000B/s,0.000000B/s
"GeForce GTX 950 (0)","BFS_kernel_multi_blk_inGPU(int*, int*, int2*, int2*, int*, int*, int*, int*, int, int, int*, int*, int*, int*)",5,"shared_load_throughput","Shared Memory Load Throughput",7.719670GB/s,13.721470GB/s,13.150275GB/s
"GeForce GTX 950 (0)","BFS_kernel_multi_blk_inGPU(int*, int*, int2*, int2*, int*, int*, int*, int*, int, int, int*, int*, int*, int*)",5,"shared_store_throughput","Shared Memory Store Throughput",3.356378GB/s,6.877884GB/s,6.452203GB/s
"GeForce GTX 950 (0)","BFS_kernel_multi_blk_inGPU(int*, int*, int2*, int2*, int*, int*, int*, int*, int, int, int*, int*, int*, int*)",5,"gld_efficiency","Global Memory Load Efficiency",8.235753%,9.834396%,8.825999%
"GeForce GTX 950 (0)","BFS_kernel_multi_blk_inGPU(int*, int*, int2*, int2*, int*, int*, int*, int*, int, int, int*, int*, int*, int*)",5,"gst_efficiency","Global Memory Store Efficiency",16.240559%,16.378759%,16.302412%
"GeForce GTX 950 (0)","BFS_kernel_multi_blk_inGPU(int*, int*, int2*, int2*, int*, int*, int*, int*, int, int, int*, int*, int*, int*)",5,"tex_cache_transactions","Unified Cache Transactions",6247,595098,141618
"GeForce GTX 950 (0)","BFS_kernel_multi_blk_inGPU(int*, int*, int2*, int2*, int*, int*, int*, int*, int, int, int*, int*, int*, int*)",5,"cf_fu_utilization","Control-Flow Function Unit Utilization","Low (1)","Low (1)","Low (1)"
"GeForce GTX 950 (0)","BFS_kernel_multi_blk_inGPU(int*, int*, int2*, int2*, int*, int*, int*, int*, int, int, int*, int*, int*, int*)",5,"tex_fu_utilization","Texture Function Unit Utilization","Low (1)","Low (1)","Low (1)"
"GeForce GTX 950 (0)","BFS_kernel_multi_blk_inGPU(int*, int*, int2*, int2*, int*, int*, int*, int*, int, int, int*, int*, int*, int*)",5,"ldst_fu_utilization","Load/Store Function Unit Utilization","Low (1)","Low (1)","Low (1)"
"GeForce GTX 950 (0)","BFS_kernel_multi_blk_inGPU(int*, int*, int2*, int2*, int*, int*, int*, int*, int, int, int*, int*, int*, int*)",5,"double_precision_fu_utilization","Double-Precision Function Unit Utilization","Idle (0)","Idle (0)","Idle (0)"
"GeForce GTX 950 (0)","BFS_kernel_multi_blk_inGPU(int*, int*, int2*, int2*, int*, int*, int*, int*, int, int, int*, int*, int*, int*)",5,"special_fu_utilization","Special Function Unit Utilization","Low (1)","Low (1)","Low (1)"
"GeForce GTX 950 (0)","BFS_kernel_multi_blk_inGPU(int*, int*, int2*, int2*, int*, int*, int*, int*, int, int, int*, int*, int*, int*)",5,"single_precision_fu_utilization","Single-Precision Function Unit Utilization","Low (1)","Low (1)","Low (1)"
"GeForce GTX 950 (0)","BFS_kernel_multi_blk_inGPU(int*, int*, int2*, int2*, int*, int*, int*, int*, int, int, int*, int*, int*, int*)",5,"flop_count_dp","Floating Point Operations(Double Precision)",0,0,0
"GeForce GTX 950 (0)","BFS_kernel_multi_blk_inGPU(int*, int*, int2*, int2*, int*, int*, int*, int*, int, int, int*, int*, int*, int*)",5,"flop_count_dp_add","Floating Point Operations(Double Precision Add)",0,0,0
"GeForce GTX 950 (0)","BFS_kernel_multi_blk_inGPU(int*, int*, int2*, int2*, int*, int*, int*, int*, int, int, int*, int*, int*, int*)",5,"flop_count_dp_fma","Floating Point Operations(Double Precision FMA)",0,0,0
"GeForce GTX 950 (0)","BFS_kernel_multi_blk_inGPU(int*, int*, int2*, int2*, int*, int*, int*, int*, int, int, int*, int*, int*, int*)",5,"flop_count_dp_mul","Floating Point Operations(Double Precision Mul)",0,0,0
"GeForce GTX 950 (0)","BFS_kernel_multi_blk_inGPU(int*, int*, int2*, int2*, int*, int*, int*, int*, int, int, int*, int*, int*, int*)",5,"flop_count_sp","Floating Point Operations(Single Precision)",0,0,0
"GeForce GTX 950 (0)","BFS_kernel_multi_blk_inGPU(int*, int*, int2*, int2*, int*, int*, int*, int*, int, int, int*, int*, int*, int*)",5,"flop_count_sp_add","Floating Point Operations(Single Precision Add)",0,0,0
"GeForce GTX 950 (0)","BFS_kernel_multi_blk_inGPU(int*, int*, int2*, int2*, int*, int*, int*, int*, int, int, int*, int*, int*, int*)",5,"flop_count_sp_fma","Floating Point Operations(Single Precision FMA)",0,0,0
"GeForce GTX 950 (0)","BFS_kernel_multi_blk_inGPU(int*, int*, int2*, int2*, int*, int*, int*, int*, int, int, int*, int*, int*, int*)",5,"flop_count_sp_mul","Floating Point Operation(Single Precision Mul)",0,0,0
"GeForce GTX 950 (0)","BFS_kernel_multi_blk_inGPU(int*, int*, int2*, int2*, int*, int*, int*, int*, int, int, int*, int*, int*, int*)",5,"flop_count_sp_special","Floating Point Operations(Single Precision Special)",0,0,0
"GeForce GTX 950 (0)","BFS_kernel_multi_blk_inGPU(int*, int*, int2*, int2*, int*, int*, int*, int*, int, int, int*, int*, int*, int*)",5,"inst_executed","Instructions Executed",35195,2874022,700394
"GeForce GTX 950 (0)","BFS_kernel_multi_blk_inGPU(int*, int*, int2*, int2*, int*, int*, int*, int*, int, int, int*, int*, int*, int*)",5,"inst_issued","Instructions Issued",36324,2874246,701279
"GeForce GTX 950 (0)","BFS_kernel_multi_blk_inGPU(int*, int*, int2*, int2*, int*, int*, int*, int*, int, int, int*, int*, int*, int*)",5,"dram_utilization","Device Memory Utilization","Low (1)","Low (1)","Low (1)"
"GeForce GTX 950 (0)","BFS_kernel_multi_blk_inGPU(int*, int*, int2*, int2*, int*, int*, int*, int*, int, int, int*, int*, int*, int*)",5,"tex_utilization","Unified Cache Utilization","Low (1)","Low (1)","Low (1)"
"GeForce GTX 950 (0)","BFS_kernel_multi_blk_inGPU(int*, int*, int2*, int2*, int*, int*, int*, int*, int, int, int*, int*, int*, int*)",5,"shared_efficiency","Shared Memory Efficiency",47.216738%,54.408307%,52.589598%
"GeForce GTX 950 (0)","BFS_kernel_multi_blk_inGPU(int*, int*, int2*, int2*, int*, int*, int*, int*, int, int, int*, int*, int*, int*)",5,"shared_utilization","Shared Memory Utilization","Low (1)","Low (1)","Low (1)"
"GeForce GTX 950 (0)","BFS_kernel_multi_blk_inGPU(int*, int*, int2*, int2*, int*, int*, int*, int*, int, int, int*, int*, int*, int*)",5,"inst_fp_32","FP Instructions(Single)",0,0,0
"GeForce GTX 950 (0)","BFS_kernel_multi_blk_inGPU(int*, int*, int2*, int2*, int*, int*, int*, int*, int, int, int*, int*, int*, int*)",5,"inst_fp_64","FP Instructions(Double)",0,0,0
"GeForce GTX 950 (0)","BFS_kernel_multi_blk_inGPU(int*, int*, int2*, int2*, int*, int*, int*, int*, int, int, int*, int*, int*, int*)",5,"inst_integer","Integer Instructions",254152,17603599,4263795
"GeForce GTX 950 (0)","BFS_kernel_multi_blk_inGPU(int*, int*, int2*, int2*, int*, int*, int*, int*, int, int, int*, int*, int*, int*)",5,"inst_bit_convert","Bit-Convert Instructions",0,0,0
"GeForce GTX 950 (0)","BFS_kernel_multi_blk_inGPU(int*, int*, int2*, int2*, int*, int*, int*, int*, int, int, int*, int*, int*, int*)",5,"inst_control","Control-Flow Instructions",238716,20212608,4974271
"GeForce GTX 950 (0)","BFS_kernel_multi_blk_inGPU(int*, int*, int2*, int2*, int*, int*, int*, int*, int, int, int*, int*, int*, int*)",5,"inst_compute_ld_st","Load/Store Instructions",85950,8071610,1946575
"GeForce GTX 950 (0)","BFS_kernel_multi_blk_inGPU(int*, int*, int2*, int2*, int*, int*, int*, int*, int, int, int*, int*, int*, int*)",5,"inst_misc","Misc Instructions",209236,13908704,3452252
"GeForce GTX 950 (0)","BFS_kernel_multi_blk_inGPU(int*, int*, int2*, int2*, int*, int*, int*, int*, int, int, int*, int*, int*, int*)",5,"inst_inter_thread_communication","Inter-Thread Instructions",112,9856,2430
"GeForce GTX 950 (0)","BFS_kernel_multi_blk_inGPU(int*, int*, int2*, int2*, int*, int*, int*, int*, int, int, int*, int*, int*, int*)",5,"issue_slots","Issue Slots",34313,2711665,661926
"GeForce GTX 950 (0)","BFS_kernel_multi_blk_inGPU(int*, int*, int2*, int2*, int*, int*, int*, int*, int, int, int*, int*, int*, int*)",5,"cf_issued","Issued Control-Flow Instructions",9517,813043,199146
"GeForce GTX 950 (0)","BFS_kernel_multi_blk_inGPU(int*, int*, int2*, int2*, int*, int*, int*, int*, int, int, int*, int*, int*, int*)",5,"cf_executed","Executed Control-Flow Instructions",9517,813043,199146
"GeForce GTX 950 (0)","BFS_kernel_multi_blk_inGPU(int*, int*, int2*, int2*, int*, int*, int*, int*, int, int, int*, int*, int*, int*)",5,"ldst_issued","Issued Load/Store Instructions",13660,1249222,301499
"GeForce GTX 950 (0)","BFS_kernel_multi_blk_inGPU(int*, int*, int2*, int2*, int*, int*, int*, int*, int, int, int*, int*, int*, int*)",5,"ldst_executed","Executed Load/Store Instructions",10078,876927,214314
"GeForce GTX 950 (0)","BFS_kernel_multi_blk_inGPU(int*, int*, int2*, int2*, int*, int*, int*, int*, int, int, int*, int*, int*, int*)",5,"atomic_transactions","Atomic Transactions",9454,345028,84557
"GeForce GTX 950 (0)","BFS_kernel_multi_blk_inGPU(int*, int*, int2*, int2*, int*, int*, int*, int*, int, int, int*, int*, int*, int*)",5,"atomic_transactions_per_request","Atomic Transactions Per Request",6.863088,15.782972,10.347102
"GeForce GTX 950 (0)","BFS_kernel_multi_blk_inGPU(int*, int*, int2*, int2*, int*, int*, int*, int*, int, int, int*, int*, int*, int*)",5,"stall_inst_fetch","Issue Stall Reasons (Instructions Fetch)",2.212303%,3.142721%,2.624492%
"GeForce GTX 950 (0)","BFS_kernel_multi_blk_inGPU(int*, int*, int2*, int2*, int*, int*, int*, int*, int, int, int*, int*, int*, int*)",5,"stall_exec_dependency","Issue Stall Reasons (Execution Dependency)",2.297365%,2.786247%,2.506743%
"GeForce GTX 950 (0)","BFS_kernel_multi_blk_inGPU(int*, int*, int2*, int2*, int*, int*, int*, int*, int, int, int*, int*, int*, int*)",5,"stall_memory_dependency","Issue Stall Reasons (Data Request)",15.529144%,25.251097%,19.428621%
"GeForce GTX 950 (0)","BFS_kernel_multi_blk_inGPU(int*, int*, int2*, int2*, int*, int*, int*, int*, int, int, int*, int*, int*, int*)",5,"stall_texture","Issue Stall Reasons (Texture)",0.000000%,0.000000%,0.000000%
"GeForce GTX 950 (0)","BFS_kernel_multi_blk_inGPU(int*, int*, int2*, int2*, int*, int*, int*, int*, int, int, int*, int*, int*, int*)",5,"stall_sync","Issue Stall Reasons (Synchronization)",65.682442%,77.686703%,73.105452%
"GeForce GTX 950 (0)","BFS_kernel_multi_blk_inGPU(int*, int*, int2*, int2*, int*, int*, int*, int*, int, int, int*, int*, int*, int*)",5,"stall_other","Issue Stall Reasons (Other)",1.513262%,1.639685%,1.575022%
"GeForce GTX 950 (0)","BFS_kernel_multi_blk_inGPU(int*, int*, int2*, int2*, int*, int*, int*, int*, int, int, int*, int*, int*, int*)",5,"stall_constant_memory_dependency","Issue Stall Reasons (Immediate constant)",0.021396%,1.364103%,0.569992%
"GeForce GTX 950 (0)","BFS_kernel_multi_blk_inGPU(int*, int*, int2*, int2*, int*, int*, int*, int*, int, int, int*, int*, int*, int*)",5,"stall_pipe_busy","Issue Stall Reasons (Pipe Busy)",0.074380%,0.090017%,0.081091%
"GeForce GTX 950 (0)","BFS_kernel_multi_blk_inGPU(int*, int*, int2*, int2*, int*, int*, int*, int*, int, int, int*, int*, int*, int*)",5,"stall_memory_throttle","Issue Stall Reasons (Memory Throttle)",0.000006%,0.000392%,0.000143%
"GeForce GTX 950 (0)","BFS_kernel_multi_blk_inGPU(int*, int*, int2*, int2*, int*, int*, int*, int*, int, int, int*, int*, int*, int*)",5,"stall_not_selected","Issue Stall Reasons (Not Selected)",0.086352%,0.142634%,0.108444%
"GeForce GTX 950 (0)","BFS_kernel_multi_blk_inGPU(int*, int*, int2*, int2*, int*, int*, int*, int*, int, int, int*, int*, int*, int*)",5,"sysmem_read_transactions","System Memory Read Transactions",0,0,0
"GeForce GTX 950 (0)","BFS_kernel_multi_blk_inGPU(int*, int*, int2*, int2*, int*, int*, int*, int*, int, int, int*, int*, int*, int*)",5,"sysmem_write_transactions","System Memory Write Transactions",5,5,5
"GeForce GTX 950 (0)","BFS_kernel_multi_blk_inGPU(int*, int*, int2*, int2*, int*, int*, int*, int*, int, int, int*, int*, int*, int*)",5,"l2_read_transactions","L2 Read Transactions",17737,1441734,337756
"GeForce GTX 950 (0)","BFS_kernel_multi_blk_inGPU(int*, int*, int2*, int2*, int*, int*, int*, int*, int, int, int*, int*, int*, int*)",5,"l2_write_transactions","L2 Write Transactions",12966,859383,202200
"GeForce GTX 950 (0)","BFS_kernel_multi_blk_inGPU(int*, int*, int2*, int2*, int*, int*, int*, int*, int, int, int*, int*, int*, int*)",5,"ecc_transactions","ECC Transactions",0,0,0
"GeForce GTX 950 (0)","BFS_kernel_multi_blk_inGPU(int*, int*, int2*, int2*, int*, int*, int*, int*, int, int, int*, int*, int*, int*)",5,"local_memory_overhead","Local Memory Overhead",0.000000%,0.000000%,0.000000%
"GeForce GTX 950 (0)","BFS_kernel_multi_blk_inGPU(int*, int*, int2*, int2*, int*, int*, int*, int*, int, int, int*, int*, int*, int*)",5,"tex_cache_hit_rate","Unified Cache Hit Rate",42.665045%,62.269053%,51.160865%
"GeForce GTX 950 (0)","BFS_kernel_multi_blk_inGPU(int*, int*, int2*, int2*, int*, int*, int*, int*, int, int, int*, int*, int*, int*)",5,"l2_tex_read_hit_rate","L2 Hit Rate (Texture Reads)",69.512390%,82.389848%,76.340636%
"GeForce GTX 950 (0)","BFS_kernel_multi_blk_inGPU(int*, int*, int2*, int2*, int*, int*, int*, int*, int, int, int*, int*, int*, int*)",5,"l2_tex_write_hit_rate","L2 Hit Rate (Texture Writes)",83.049779%,99.828155%,94.057913%
"GeForce GTX 950 (0)","BFS_kernel_multi_blk_inGPU(int*, int*, int2*, int2*, int*, int*, int*, int*, int, int, int*, int*, int*, int*)",5,"l2_tex_read_throughput","L2 Throughput (Texture Reads)",6.032800GB/s,13.317852GB/s,12.322329GB/s
"GeForce GTX 950 (0)","BFS_kernel_multi_blk_inGPU(int*, int*, int2*, int2*, int*, int*, int*, int*, int, int, int*, int*, int*, int*)",5,"l2_tex_write_throughput","L2 Throughput (Texture Writes)",1.530624GB/s,3.801615GB/s,3.480352GB/s
"GeForce GTX 950 (0)","BFS_kernel_multi_blk_inGPU(int*, int*, int2*, int2*, int*, int*, int*, int*, int, int, int*, int*, int*, int*)",5,"l2_tex_read_transactions","L2 Transactions (Texture Reads)",6255,815435,188830
"GeForce GTX 950 (0)","BFS_kernel_multi_blk_inGPU(int*, int*, int2*, int2*, int*, int*, int*, int*, int, int, int*, int*, int*, int*)",5,"l2_tex_write_transactions","L2 Transactions (Texture Writes)",1587,232768,53347
"GeForce GTX 950 (0)","BFS_kernel_multi_blk_inGPU(int*, int*, int2*, int2*, int*, int*, int*, int*, int, int, int*, int*, int*, int*)",5,"l2_read_throughput","L2 Throughput (Reads)",15.946530GB/s,23.546696GB/s,22.042543GB/s
"GeForce GTX 950 (0)","BFS_kernel_multi_blk_inGPU(int*, int*, int2*, int2*, int*, int*, int*, int*, int, int, int*, int*, int*, int*)",5,"l2_write_throughput","L2 Throughput (Writes)",9.324178GB/s,14.035620GB/s,13.194978GB/s
"GeForce GTX 950 (0)","BFS_kernel_multi_blk_inGPU(int*, int*, int2*, int2*, int*, int*, int*, int*, int, int, int*, int*, int*, int*)",5,"sysmem_read_throughput","System Memory Read Throughput",0.000000B/s,0.000000B/s,0.000000B/s
"GeForce GTX 950 (0)","BFS_kernel_multi_blk_inGPU(int*, int*, int2*, int2*, int*, int*, int*, int*, int, int, int*, int*, int*, int*)",5,"sysmem_write_throughput","System Memory Write Throughput",85.626953KB/s,4.938119MB/s,0.000000B/s
"GeForce GTX 950 (0)","BFS_kernel_multi_blk_inGPU(int*, int*, int2*, int2*, int*, int*, int*, int*, int, int, int*, int*, int*, int*)",5,"l2_utilization","L2 Cache Utilization","Low (1)","Low (2)","Low (1)"
"GeForce GTX 950 (0)","BFS_kernel_multi_blk_inGPU(int*, int*, int2*, int2*, int*, int*, int*, int*, int, int, int*, int*, int*, int*)",5,"l2_atomic_throughput","L2 Throughput (Atomic requests)",6.958812GB/s,10.971884GB/s,9.709969GB/s
"GeForce GTX 950 (0)","BFS_kernel_multi_blk_inGPU(int*, int*, int2*, int2*, int*, int*, int*, int*, int, int, int*, int*, int*, int*)",5,"l2_atomic_transactions","L2 Transactions (Atomic requests)",22752,1252878,297608
"GeForce GTX 950 (0)","BFS_kernel_multi_blk_inGPU(int*, int*, int2*, int2*, int*, int*, int*, int*, int, int, int*, int*, int*, int*)",5,"sysmem_utilization","System Memory Utilization","Low (1)","Low (1)","Low (1)"
"GeForce GTX 950 (0)","BFS_kernel_multi_blk_inGPU(int*, int*, int2*, int2*, int*, int*, int*, int*, int, int, int*, int*, int*, int*)",5,"ecc_throughput","ECC Throughput",0.000000B/s,0.000000B/s,0.000000B/s
"GeForce GTX 950 (0)","BFS_kernel_multi_blk_inGPU(int*, int*, int2*, int2*, int*, int*, int*, int*, int, int, int*, int*, int*, int*)",5,"sysmem_read_utilization","System Memory Read Utilization","Idle (0)","Idle (0)","Idle (0)"
"GeForce GTX 950 (0)","BFS_kernel_multi_blk_inGPU(int*, int*, int2*, int2*, int*, int*, int*, int*, int, int, int*, int*, int*, int*)",5,"sysmem_write_utilization","System Memory Write Utilization","Low (1)","Low (1)","Low (1)"
"GeForce GTX 950 (0)","BFS_kernel_multi_blk_inGPU(int*, int*, int2*, int2*, int*, int*, int*, int*, int, int, int*, int*, int*, int*)",5,"eligible_warps_per_cycle","Eligible Warps Per Active Cycle",0.217417,0.239133,0.223222
"GeForce GTX 950 (0)","BFS_kernel_multi_blk_inGPU(int*, int*, int2*, int2*, int*, int*, int*, int*, int, int, int*, int*, int*, int*)",5,"flop_sp_efficiency","FLOP Efficiency(Peak Single)",0.000000%,0.000000%,0.000000%
"GeForce GTX 950 (0)","BFS_kernel_multi_blk_inGPU(int*, int*, int2*, int2*, int*, int*, int*, int*, int, int, int*, int*, int*, int*)",5,"flop_dp_efficiency","FLOP Efficiency(Peak Double)",0.000000%,0.000000%,0.000000%
"GeForce GTX 950 (0)","BFS_in_GPU_kernel(int*, int*, int2*, int2*, int*, int*, int, int*, int, int, int*)",6,"sm_efficiency","Multiprocessor Activity",12.763640%,16.675695%,15.549424%
"GeForce GTX 950 (0)","BFS_in_GPU_kernel(int*, int*, int2*, int2*, int*, int*, int, int*, int, int, int*)",6,"achieved_occupancy","Achieved Occupancy",0.247445,0.249992,0.249349
"GeForce GTX 950 (0)","BFS_in_GPU_kernel(int*, int*, int2*, int2*, int*, int*, int, int*, int, int, int*)",6,"ipc","Executed IPC",0.191664,0.305987,0.265859
"GeForce GTX 950 (0)","BFS_in_GPU_kernel(int*, int*, int2*, int2*, int*, int*, int, int*, int, int, int*)",6,"issued_ipc","Issued IPC",0.192039,0.304200,0.263163
"GeForce GTX 950 (0)","BFS_in_GPU_kernel(int*, int*, int2*, int2*, int*, int*, int, int*, int, int, int*)",6,"inst_per_warp","Instructions per warp",199.125000,22940.875000,7143.000000
"GeForce GTX 950 (0)","BFS_in_GPU_kernel(int*, int*, int2*, int2*, int*, int*, int, int*, int, int, int*)",6,"branch_efficiency","Branch Efficiency",88.817204%,93.255555%,90.679615%
"GeForce GTX 950 (0)","BFS_in_GPU_kernel(int*, int*, int2*, int2*, int*, int*, int, int*, int, int, int*)",6,"warp_execution_efficiency","Warp Execution Efficiency",61.248233%,66.802552%,64.092944%
"GeForce GTX 950 (0)","BFS_in_GPU_kernel(int*, int*, int2*, int2*, int*, int*, int, int*, int, int, int*)",6,"warp_nonpred_execution_efficiency","Warp Non-Predicated Execution Efficiency",52.939631%,57.058223%,55.429291%
"GeForce GTX 950 (0)","BFS_in_GPU_kernel(int*, int*, int2*, int2*, int*, int*, int, int*, int, int, int*)",6,"inst_replay_overhead","Instruction Replay Overhead",0.000302,0.021343,0.007273
"GeForce GTX 950 (0)","BFS_in_GPU_kernel(int*, int*, int2*, int2*, int*, int*, int, int*, int, int, int*)",6,"issue_slot_utilization","Issue Slot Utilization",4.211553%,6.910753%,5.960591%
"GeForce GTX 950 (0)","BFS_in_GPU_kernel(int*, int*, int2*, int2*, int*, int*, int, int*, int, int, int*)",6,"shared_load_transactions_per_request","Shared Memory Load Transactions Per Request",1.727073,2.510040,2.206369
"GeForce GTX 950 (0)","BFS_in_GPU_kernel(int*, int*, int2*, int2*, int*, int*, int, int*, int, int, int*)",6,"shared_store_transactions_per_request","Shared Memory Store Transactions Per Request",1.585816,2.557940,2.198338
"GeForce GTX 950 (0)","BFS_in_GPU_kernel(int*, int*, int2*, int2*, int*, int*, int, int*, int, int, int*)",6,"local_load_transactions_per_request","Local Memory Load Transactions Per Request",0.000000,0.000000,0.000000
"GeForce GTX 950 (0)","BFS_in_GPU_kernel(int*, int*, int2*, int2*, int*, int*, int, int*, int, int, int*)",6,"local_store_transactions_per_request","Local Memory Store Transactions Per Request",0.000000,0.000000,0.000000
"GeForce GTX 950 (0)","BFS_in_GPU_kernel(int*, int*, int2*, int2*, int*, int*, int, int*, int, int, int*)",6,"gld_transactions_per_request","Global Load Transactions Per Request",19.781250,29.849582,26.319500
"GeForce GTX 950 (0)","BFS_in_GPU_kernel(int*, int*, int2*, int2*, int*, int*, int, int*, int, int, int*)",6,"gst_transactions_per_request","Global Store Transactions Per Request",5.720255,8.030928,6.602346
"GeForce GTX 950 (0)","BFS_in_GPU_kernel(int*, int*, int2*, int2*, int*, int*, int, int*, int, int, int*)",6,"shared_store_transactions","Shared Store Transactions",249,33222,10426
"GeForce GTX 950 (0)","BFS_in_GPU_kernel(int*, int*, int2*, int2*, int*, int*, int, int*, int, int, int*)",6,"shared_load_transactions","Shared Load Transactions",293,41066,12646
"GeForce GTX 950 (0)","BFS_in_GPU_kernel(int*, int*, int2*, int2*, int*, int*, int, int*, int, int, int*)",6,"local_load_transactions","Local Load Transactions",0,0,0
"GeForce GTX 950 (0)","BFS_in_GPU_kernel(int*, int*, int2*, int2*, int*, int*, int, int*, int, int, int*)",6,"local_store_transactions","Local Store Transactions",0,0,0
"GeForce GTX 950 (0)","BFS_in_GPU_kernel(int*, int*, int2*, int2*, int*, int*, int, int*, int, int, int*)",6,"gld_transactions","Global Load Transactions",633,48669,15922
"GeForce GTX 950 (0)","BFS_in_GPU_kernel(int*, int*, int2*, int2*, int*, int*, int, int*, int, int, int*)",6,"gst_transactions","Global Store Transactions",779,49439,16217
"GeForce GTX 950 (0)","BFS_in_GPU_kernel(int*, int*, int2*, int2*, int*, int*, int, int*, int, int, int*)",6,"dram_read_transactions","Device Memory Read Transactions",2118,55640,20286
"GeForce GTX 950 (0)","BFS_in_GPU_kernel(int*, int*, int2*, int2*, int*, int*, int, int*, int, int, int*)",6,"dram_write_transactions","Device Memory Write Transactions",3269,21635,10759
"GeForce GTX 950 (0)","BFS_in_GPU_kernel(int*, int*, int2*, int2*, int*, int*, int, int*, int, int, int*)",6,"global_hit_rate","Global Hit Rate",5.431412%,14.375987%,8.502664%
"GeForce GTX 950 (0)","BFS_in_GPU_kernel(int*, int*, int2*, int2*, int*, int*, int, int*, int, int, int*)",6,"local_hit_rate","Local Hit Rate",0.000000%,0.000000%,0.000000%
"GeForce GTX 950 (0)","BFS_in_GPU_kernel(int*, int*, int2*, int2*, int*, int*, int, int*, int, int, int*)",6,"gld_requested_throughput","Requested Global Load Throughput",107.828253MB/s,334.916930MB/s,151.634216MB/s
"GeForce GTX 950 (0)","BFS_in_GPU_kernel(int*, int*, int2*, int2*, int*, int*, int, int*, int, int, int*)",6,"gst_requested_throughput","Requested Global Store Throughput",105.860454MB/s,338.864871MB/s,154.495239MB/s
"GeForce GTX 950 (0)","BFS_in_GPU_kernel(int*, int*, int2*, int2*, int*, int*, int, int*, int, int, int*)",6,"gld_throughput","Global Load Throughput",749.338023MB/s,1.673183GB/s,1.061708GB/s
"GeForce GTX 950 (0)","BFS_in_GPU_kernel(int*, int*, int2*, int2*, int*, int*, int, int*, int, int, int*)",6,"gst_throughput","Global Store Throughput",823.069678MB/s,2.002243GB/s,1.168810GB/s
"GeForce GTX 950 (0)","BFS_in_GPU_kernel(int*, int*, int2*, int2*, int*, int*, int, int*, int, int, int*)",6,"dram_read_throughput","Device Memory Read Throughput",1.021690GB/s,5.443839GB/s,1.462176GB/s
"GeForce GTX 950 (0)","BFS_in_GPU_kernel(int*, int*, int2*, int2*, int*, int*, int, int*, int, int, int*)",6,"dram_write_throughput","Device Memory Write Throughput",472.212029MB/s,8.402224GB/s,793.457031MB/s
"GeForce GTX 950 (0)","BFS_in_GPU_kernel(int*, int*, int2*, int2*, int*, int*, int, int*, int, int, int*)",6,"tex_cache_throughput","Unified Cache Throughput",1.736807GB/s,3.971365GB/s,2.498738GB/s
"GeForce GTX 950 (0)","BFS_in_GPU_kernel(int*, int*, int2*, int2*, int*, int*, int, int*, int, int, int*)",6,"local_load_throughput","Local Memory Load Throughput",0.000000B/s,0.000000B/s,0.000000B/s
"GeForce GTX 950 (0)","BFS_in_GPU_kernel(int*, int*, int2*, int2*, int*, int*, int, int*, int, int, int*)",6,"local_store_throughput","Local Memory Store Throughput",0.000000B/s,0.000000B/s,0.000000B/s
"GeForce GTX 950 (0)","BFS_in_GPU_kernel(int*, int*, int2*, int2*, int*, int*, int, int*, int, int, int*)",6,"shared_load_throughput","Shared Memory Load Throughput",2.981440GB/s,4.751156GB/s,3.647059GB/s
"GeForce GTX 950 (0)","BFS_in_GPU_kernel(int*, int*, int2*, int2*, int*, int*, int, int*, int, int, int*)",6,"shared_store_throughput","Shared Memory Store Throughput",2.190071GB/s,4.339302GB/s,3.006309GB/s
"GeForce GTX 950 (0)","BFS_in_GPU_kernel(int*, int*, int2*, int2*, int*, int*, int, int*, int, int, int*)",6,"gld_efficiency","Global Memory Load Efficiency",13.605943%,23.477860%,16.329588%
"GeForce GTX 950 (0)","BFS_in_GPU_kernel(int*, int*, int2*, int2*, int*, int*, int, int*, int, int, int*)",6,"gst_efficiency","Global Memory Store Efficiency",12.741587%,16.527599%,13.823884%
"GeForce GTX 950 (0)","BFS_in_GPU_kernel(int*, int*, int2*, int2*, int*, int*, int, int*, int, int, int*)",6,"tex_cache_transactions","Unified Cache Transactions",1132,106999,34665
"GeForce GTX 950 (0)","BFS_in_GPU_kernel(int*, int*, int2*, int2*, int*, int*, int, int*, int, int, int*)",6,"cf_fu_utilization","Control-Flow Function Unit Utilization","Low (1)","Low (1)","Low (1)"
"GeForce GTX 950 (0)","BFS_in_GPU_kernel(int*, int*, int2*, int2*, int*, int*, int, int*, int, int, int*)",6,"tex_fu_utilization","Texture Function Unit Utilization","Low (1)","Low (1)","Low (1)"
"GeForce GTX 950 (0)","BFS_in_GPU_kernel(int*, int*, int2*, int2*, int*, int*, int, int*, int, int, int*)",6,"ldst_fu_utilization","Load/Store Function Unit Utilization","Low (1)","Low (1)","Low (1)"
"GeForce GTX 950 (0)","BFS_in_GPU_kernel(int*, int*, int2*, int2*, int*, int*, int, int*, int, int, int*)",6,"double_precision_fu_utilization","Double-Precision Function Unit Utilization","Idle (0)","Idle (0)","Idle (0)"
"GeForce GTX 950 (0)","BFS_in_GPU_kernel(int*, int*, int2*, int2*, int*, int*, int, int*, int, int, int*)",6,"special_fu_utilization","Special Function Unit Utilization","Idle (0)","Idle (0)","Idle (0)"
"GeForce GTX 950 (0)","BFS_in_GPU_kernel(int*, int*, int2*, int2*, int*, int*, int, int*, int, int, int*)",6,"single_precision_fu_utilization","Single-Precision Function Unit Utilization","Low (1)","Low (1)","Low (1)"
"GeForce GTX 950 (0)","BFS_in_GPU_kernel(int*, int*, int2*, int2*, int*, int*, int, int*, int, int, int*)",6,"flop_count_dp","Floating Point Operations(Double Precision)",0,0,0
"GeForce GTX 950 (0)","BFS_in_GPU_kernel(int*, int*, int2*, int2*, int*, int*, int, int*, int, int, int*)",6,"flop_count_dp_add","Floating Point Operations(Double Precision Add)",0,0,0
"GeForce GTX 950 (0)","BFS_in_GPU_kernel(int*, int*, int2*, int2*, int*, int*, int, int*, int, int, int*)",6,"flop_count_dp_fma","Floating Point Operations(Double Precision FMA)",0,0,0
"GeForce GTX 950 (0)","BFS_in_GPU_kernel(int*, int*, int2*, int2*, int*, int*, int, int*, int, int, int*)",6,"flop_count_dp_mul","Floating Point Operations(Double Precision Mul)",0,0,0
"GeForce GTX 950 (0)","BFS_in_GPU_kernel(int*, int*, int2*, int2*, int*, int*, int, int*, int, int, int*)",6,"flop_count_sp","Floating Point Operations(Single Precision)",0,0,0
"GeForce GTX 950 (0)","BFS_in_GPU_kernel(int*, int*, int2*, int2*, int*, int*, int, int*, int, int, int*)",6,"flop_count_sp_add","Floating Point Operations(Single Precision Add)",0,0,0
"GeForce GTX 950 (0)","BFS_in_GPU_kernel(int*, int*, int2*, int2*, int*, int*, int, int*, int, int, int*)",6,"flop_count_sp_fma","Floating Point Operations(Single Precision FMA)",0,0,0
"GeForce GTX 950 (0)","BFS_in_GPU_kernel(int*, int*, int2*, int2*, int*, int*, int, int*, int, int, int*)",6,"flop_count_sp_mul","Floating Point Operation(Single Precision Mul)",0,0,0
"GeForce GTX 950 (0)","BFS_in_GPU_kernel(int*, int*, int2*, int2*, int*, int*, int, int*, int, int, int*)",6,"flop_count_sp_special","Floating Point Operations(Single Precision Special)",0,0,0
"GeForce GTX 950 (0)","BFS_in_GPU_kernel(int*, int*, int2*, int2*, int*, int*, int, int*, int, int, int*)",6,"inst_executed","Instructions Executed",3186,367460,114356
"GeForce GTX 950 (0)","BFS_in_GPU_kernel(int*, int*, int2*, int2*, int*, int*, int, int*, int, int, int*)",6,"inst_issued","Instructions Issued",3254,367345,114446
"GeForce GTX 950 (0)","BFS_in_GPU_kernel(int*, int*, int2*, int2*, int*, int*, int, int*, int, int, int*)",6,"dram_utilization","Device Memory Utilization","Low (1)","Low (2)","Low (1)"
"GeForce GTX 950 (0)","BFS_in_GPU_kernel(int*, int*, int2*, int2*, int*, int*, int, int*, int, int, int*)",6,"tex_utilization","Unified Cache Utilization","Low (1)","Low (1)","Low (1)"
"GeForce GTX 950 (0)","BFS_in_GPU_kernel(int*, int*, int2*, int2*, int*, int*, int, int*, int, int, int*)",6,"shared_efficiency","Shared Memory Efficiency",20.623847%,34.336084%,26.639442%
"GeForce GTX 950 (0)","BFS_in_GPU_kernel(int*, int*, int2*, int2*, int*, int*, int, int*, int, int, int*)",6,"shared_utilization","Shared Memory Utilization","Low (1)","Low (1)","Low (1)"
"GeForce GTX 950 (0)","BFS_in_GPU_kernel(int*, int*, int2*, int2*, int*, int*, int, int*, int, int, int*)",6,"inst_fp_32","FP Instructions(Single)",0,0,0
"GeForce GTX 950 (0)","BFS_in_GPU_kernel(int*, int*, int2*, int2*, int*, int*, int, int*, int, int, int*)",6,"inst_fp_64","FP Instructions(Double)",0,0,0
"GeForce GTX 950 (0)","BFS_in_GPU_kernel(int*, int*, int2*, int2*, int*, int*, int, int*, int, int, int*)",6,"inst_integer","Integer Instructions",34150,3203406,1004172
"GeForce GTX 950 (0)","BFS_in_GPU_kernel(int*, int*, int2*, int2*, int*, int*, int, int*, int, int, int*)",6,"inst_bit_convert","Bit-Convert Instructions",0,0,0
"GeForce GTX 950 (0)","BFS_in_GPU_kernel(int*, int*, int2*, int2*, int*, int*, int, int*, int, int, int*)",6,"inst_control","Control-Flow Instructions",6544,1254830,374277
"GeForce GTX 950 (0)","BFS_in_GPU_kernel(int*, int*, int2*, int2*, int*, int*, int, int*, int, int, int*)",6,"inst_compute_ld_st","Load/Store Instructions",9800,1244085,387243
"GeForce GTX 950 (0)","BFS_in_GPU_kernel(int*, int*, int2*, int2*, int*, int*, int, int*, int, int, int*)",6,"inst_misc","Misc Instructions",7678,872270,261034
"GeForce GTX 950 (0)","BFS_in_GPU_kernel(int*, int*, int2*, int2*, int*, int*, int, int*, int, int, int*)",6,"inst_inter_thread_communication","Inter-Thread Instructions",0,0,0
"GeForce GTX 950 (0)","BFS_in_GPU_kernel(int*, int*, int2*, int2*, int*, int*, int, int*, int, int, int*)",6,"issue_slots","Issue Slots",3013,325981,102024
"GeForce GTX 950 (0)","BFS_in_GPU_kernel(int*, int*, int2*, int2*, int*, int*, int, int*, int, int, int*)",6,"cf_issued","Issued Control-Flow Instructions",561,81577,24987
"GeForce GTX 950 (0)","BFS_in_GPU_kernel(int*, int*, int2*, int2*, int*, int*, int, int*, int, int, int*)",6,"cf_executed","Executed Control-Flow Instructions",561,81577,24987
"GeForce GTX 950 (0)","BFS_in_GPU_kernel(int*, int*, int2*, int2*, int*, int*, int, int*, int, int, int*)",6,"ldst_issued","Issued Load/Store Instructions",1646,174247,55037
"GeForce GTX 950 (0)","BFS_in_GPU_kernel(int*, int*, int2*, int2*, int*, int*, int, int*, int, int, int*)",6,"ldst_executed","Executed Load/Store Instructions",704,91880,28249
"GeForce GTX 950 (0)","BFS_in_GPU_kernel(int*, int*, int2*, int2*, int*, int*, int, int*, int, int, int*)",6,"atomic_transactions","Atomic Transactions",995,97592,31670
"GeForce GTX 950 (0)","BFS_in_GPU_kernel(int*, int*, int2*, int2*, int*, int*, int, int*, int, int, int*)",6,"atomic_transactions_per_request","Atomic Transactions Per Request",7.084910,8.436508,7.810662
"GeForce GTX 950 (0)","BFS_in_GPU_kernel(int*, int*, int2*, int2*, int*, int*, int, int*, int, int, int*)",6,"stall_inst_fetch","Issue Stall Reasons (Instructions Fetch)",2.729587%,9.501211%,4.192131%
"GeForce GTX 950 (0)","BFS_in_GPU_kernel(int*, int*, int2*, int2*, int*, int*, int, int*, int, int, int*)",6,"stall_exec_dependency","Issue Stall Reasons (Execution Dependency)",6.487094%,10.661454%,8.894718%
"GeForce GTX 950 (0)","BFS_in_GPU_kernel(int*, int*, int2*, int2*, int*, int*, int, int*, int, int, int*)",6,"stall_memory_dependency","Issue Stall Reasons (Data Request)",25.966564%,75.919344%,56.295270%
"GeForce GTX 950 (0)","BFS_in_GPU_kernel(int*, int*, int2*, int2*, int*, int*, int, int*, int, int, int*)",6,"stall_texture","Issue Stall Reasons (Texture)",0.000000%,0.000000%,0.000000%
"GeForce GTX 950 (0)","BFS_in_GPU_kernel(int*, int*, int2*, int2*, int*, int*, int, int*, int, int, int*)",6,"stall_sync","Issue Stall Reasons (Synchronization)",4.558931%,63.141789%,27.251284%
"GeForce GTX 950 (0)","BFS_in_GPU_kernel(int*, int*, int2*, int2*, int*, int*, int, int*, int, int, int*)",6,"stall_other","Issue Stall Reasons (Other)",1.390200%,1.891229%,1.608668%
"GeForce GTX 950 (0)","BFS_in_GPU_kernel(int*, int*, int2*, int2*, int*, int*, int, int*, int, int, int*)",6,"stall_constant_memory_dependency","Issue Stall Reasons (Immediate constant)",0.048883%,4.260287%,1.486842%
"GeForce GTX 950 (0)","BFS_in_GPU_kernel(int*, int*, int2*, int2*, int*, int*, int, int*, int, int, int*)",6,"stall_pipe_busy","Issue Stall Reasons (Pipe Busy)",0.091769%,0.212308%,0.138602%
"GeForce GTX 950 (0)","BFS_in_GPU_kernel(int*, int*, int2*, int2*, int*, int*, int, int*, int, int, int*)",6,"stall_memory_throttle","Issue Stall Reasons (Memory Throttle)",0.000099%,0.076018%,0.015572%
"GeForce GTX 950 (0)","BFS_in_GPU_kernel(int*, int*, int2*, int2*, int*, int*, int, int*, int, int, int*)",6,"stall_not_selected","Issue Stall Reasons (Not Selected)",0.065089%,0.163440%,0.116914%
"GeForce GTX 950 (0)","BFS_in_GPU_kernel(int*, int*, int2*, int2*, int*, int*, int, int*, int, int, int*)",6,"sysmem_read_transactions","System Memory Read Transactions",0,0,0
"GeForce GTX 950 (0)","BFS_in_GPU_kernel(int*, int*, int2*, int2*, int*, int*, int, int*, int, int, int*)",6,"sysmem_write_transactions","System Memory Write Transactions",5,5,5
"GeForce GTX 950 (0)","BFS_in_GPU_kernel(int*, int*, int2*, int2*, int*, int*, int, int*, int, int, int*)",6,"l2_read_transactions","L2 Read Transactions",4225,378786,125124
"GeForce GTX 950 (0)","BFS_in_GPU_kernel(int*, int*, int2*, int2*, int*, int*, int, int*, int, int, int*)",6,"l2_write_transactions","L2 Write Transactions",2598,228515,74320
"GeForce GTX 950 (0)","BFS_in_GPU_kernel(int*, int*, int2*, int2*, int*, int*, int, int*, int, int, int*)",6,"ecc_transactions","ECC Transactions",0,0,0
"GeForce GTX 950 (0)","BFS_in_GPU_kernel(int*, int*, int2*, int2*, int*, int*, int, int*, int, int, int*)",6,"local_memory_overhead","Local Memory Overhead",0.000000%,0.000000%,0.000000%
"GeForce GTX 950 (0)","BFS_in_GPU_kernel(int*, int*, int2*, int2*, int*, int*, int, int*, int, int, int*)",6,"tex_cache_hit_rate","Unified Cache Hit Rate",39.125296%,45.516442%,42.250383%
"GeForce GTX 950 (0)","BFS_in_GPU_kernel(int*, int*, int2*, int2*, int*, int*, int, int*, int, int, int*)",6,"l2_tex_read_hit_rate","L2 Hit Rate (Texture Reads)",34.411893%,78.916259%,66.289739%
"GeForce GTX 950 (0)","BFS_in_GPU_kernel(int*, int*, int2*, int2*, int*, int*, int, int*, int, int, int*)",6,"l2_tex_write_hit_rate","L2 Hit Rate (Texture Writes)",71.082803%,100.147752%,91.766732%
"GeForce GTX 950 (0)","BFS_in_GPU_kernel(int*, int*, int2*, int2*, int*, int*, int, int*, int, int, int*)",6,"l2_tex_read_throughput","L2 Throughput (Texture Reads)",3.191189GB/s,8.255039GB/s,4.831702GB/s
"GeForce GTX 950 (0)","BFS_in_GPU_kernel(int*, int*, int2*, int2*, int*, int*, int, int*, int, int, int*)",6,"l2_tex_write_throughput","L2 Throughput (Texture Writes)",823.355905MB/s,2.017665GB/s,1.166947GB/s
"GeForce GTX 950 (0)","BFS_in_GPU_kernel(int*, int*, int2*, int2*, int*, int*, int, int*, int, int, int*)",6,"l2_tex_read_transactions","L2 Transactions (Texture Reads)",2287,200140,67016
"GeForce GTX 950 (0)","BFS_in_GPU_kernel(int*, int*, int2*, int2*, int*, int*, int, int*, int, int, int*)",6,"l2_tex_write_transactions","L2 Transactions (Texture Writes)",785,49407,16202
"GeForce GTX 950 (0)","BFS_in_GPU_kernel(int*, int*, int2*, int2*, int*, int*, int, int*, int, int, int*)",6,"l2_read_throughput","L2 Throughput (Reads)",6.033653GB/s,15.053709GB/s,9.022653GB/s
"GeForce GTX 950 (0)","BFS_in_GPU_kernel(int*, int*, int2*, int2*, int*, int*, int, int*, int, int, int*)",6,"l2_write_throughput","L2 Throughput (Writes)",3.634950GB/s,8.633038GB/s,5.357899GB/s
"GeForce GTX 950 (0)","BFS_in_GPU_kernel(int*, int*, int2*, int2*, int*, int*, int, int*, int, int, int*)",6,"sysmem_read_throughput","System Memory Read Throughput",0.000000B/s,0.000000B/s,0.000000B/s
"GeForce GTX 950 (0)","BFS_in_GPU_kernel(int*, int*, int2*, int2*, int*, int*, int, int*, int, int, int*)",6,"sysmem_write_throughput","System Memory Write Throughput",111.750000KB/s,13.159801MB/s,0.000000B/s
"GeForce GTX 950 (0)","BFS_in_GPU_kernel(int*, int*, int2*, int2*, int*, int*, int, int*, int, int, int*)",6,"l2_utilization","L2 Cache Utilization","Low (1)","Low (1)","Low (1)"
"GeForce GTX 950 (0)","BFS_in_GPU_kernel(int*, int*, int2*, int2*, int*, int*, int, int*, int, int, int*)",6,"l2_atomic_throughput","L2 Throughput (Atomic requests)",2.832457GB/s,6.805315GB/s,4.190020GB/s
"GeForce GTX 950 (0)","BFS_in_GPU_kernel(int*, int*, int2*, int2*, int*, int*, int, int*, int, int, int*)",6,"l2_atomic_transactions","L2 Transactions (Atomic requests)",3654,358050,116219
"GeForce GTX 950 (0)","BFS_in_GPU_kernel(int*, int*, int2*, int2*, int*, int*, int, int*, int, int, int*)",6,"sysmem_utilization","System Memory Utilization","Low (1)","Low (1)","Low (1)"
"GeForce GTX 950 (0)","BFS_in_GPU_kernel(int*, int*, int2*, int2*, int*, int*, int, int*, int, int, int*)",6,"ecc_throughput","ECC Throughput",0.000000B/s,0.000000B/s,0.000000B/s
"GeForce GTX 950 (0)","BFS_in_GPU_kernel(int*, int*, int2*, int2*, int*, int*, int, int*, int, int, int*)",6,"sysmem_read_utilization","System Memory Read Utilization","Idle (0)","Idle (0)","Idle (0)"
"GeForce GTX 950 (0)","BFS_in_GPU_kernel(int*, int*, int2*, int2*, int*, int*, int, int*, int, int, int*)",6,"sysmem_write_utilization","System Memory Write Utilization","Low (1)","Low (1)","Low (1)"
"GeForce GTX 950 (0)","BFS_in_GPU_kernel(int*, int*, int2*, int2*, int*, int*, int, int*, int, int, int*)",6,"eligible_warps_per_cycle","Eligible Warps Per Active Cycle",0.178736,0.295945,0.256581
"GeForce GTX 950 (0)","BFS_in_GPU_kernel(int*, int*, int2*, int2*, int*, int*, int, int*, int, int, int*)",6,"flop_sp_efficiency","FLOP Efficiency(Peak Single)",0.000000%,0.000000%,0.000000%
"GeForce GTX 950 (0)","BFS_in_GPU_kernel(int*, int*, int2*, int2*, int*, int*, int, int*, int, int, int*)",6,"flop_dp_efficiency","FLOP Efficiency(Peak Double)",0.000000%,0.000000%,0.000000%
