==17427== NVPROF is profiling process 17427, command: ./boxFilterNPP 0
==17427== Some kernel(s) will be replayed on device 0 in order to collect all events/metrics.
==17427== Profiling application: ./boxFilterNPP 0
==17427== Profiling result:
==17427== Metric result:
"Device","Kernel","Invocations","Metric Name","Metric Description","Min","Max","Avg"
"GeForce GTX 950 (0)","void ForEachTupleByteQuad<unsigned char, int=1, TupleByteQuadFunctor<unsigned char, int=1, FilterBoxReplicateBorder5x5QuadNew<unsigned char, int=1>>>(Tuple8<unsigned char, int=1>*, int, NppiSize, unsigned char)",1,"sm_efficiency","Multiprocessor Activity",77.041672%,77.041672%,77.041672%
"GeForce GTX 950 (0)","void ForEachTupleByteQuad<unsigned char, int=1, TupleByteQuadFunctor<unsigned char, int=1, FilterBoxReplicateBorder5x5QuadNew<unsigned char, int=1>>>(Tuple8<unsigned char, int=1>*, int, NppiSize, unsigned char)",1,"achieved_occupancy","Achieved Occupancy",0.354202,0.354202,0.354202
"GeForce GTX 950 (0)","void ForEachTupleByteQuad<unsigned char, int=1, TupleByteQuadFunctor<unsigned char, int=1, FilterBoxReplicateBorder5x5QuadNew<unsigned char, int=1>>>(Tuple8<unsigned char, int=1>*, int, NppiSize, unsigned char)",1,"ipc","Executed IPC",1.818238,1.818238,1.818238
"GeForce GTX 950 (0)","void ForEachTupleByteQuad<unsigned char, int=1, TupleByteQuadFunctor<unsigned char, int=1, FilterBoxReplicateBorder5x5QuadNew<unsigned char, int=1>>>(Tuple8<unsigned char, int=1>*, int, NppiSize, unsigned char)",1,"issued_ipc","Issued IPC",1.919550,1.919550,1.919550
"GeForce GTX 950 (0)","void ForEachTupleByteQuad<unsigned char, int=1, TupleByteQuadFunctor<unsigned char, int=1, FilterBoxReplicateBorder5x5QuadNew<unsigned char, int=1>>>(Tuple8<unsigned char, int=1>*, int, NppiSize, unsigned char)",1,"inst_per_warp","Instructions per warp",1878.210938,1878.210938,1878.210938
"GeForce GTX 950 (0)","void ForEachTupleByteQuad<unsigned char, int=1, TupleByteQuadFunctor<unsigned char, int=1, FilterBoxReplicateBorder5x5QuadNew<unsigned char, int=1>>>(Tuple8<unsigned char, int=1>*, int, NppiSize, unsigned char)",1,"branch_efficiency","Branch Efficiency",81.405484%,81.405484%,81.405484%
"GeForce GTX 950 (0)","void ForEachTupleByteQuad<unsigned char, int=1, TupleByteQuadFunctor<unsigned char, int=1, FilterBoxReplicateBorder5x5QuadNew<unsigned char, int=1>>>(Tuple8<unsigned char, int=1>*, int, NppiSize, unsigned char)",1,"warp_execution_efficiency","Warp Execution Efficiency",58.625281%,58.625281%,58.625281%
"GeForce GTX 950 (0)","void ForEachTupleByteQuad<unsigned char, int=1, TupleByteQuadFunctor<unsigned char, int=1, FilterBoxReplicateBorder5x5QuadNew<unsigned char, int=1>>>(Tuple8<unsigned char, int=1>*, int, NppiSize, unsigned char)",1,"warp_nonpred_execution_efficiency","Warp Non-Predicated Execution Efficiency",58.144438%,58.144438%,58.144438%
"GeForce GTX 950 (0)","void ForEachTupleByteQuad<unsigned char, int=1, TupleByteQuadFunctor<unsigned char, int=1, FilterBoxReplicateBorder5x5QuadNew<unsigned char, int=1>>>(Tuple8<unsigned char, int=1>*, int, NppiSize, unsigned char)",1,"inst_replay_overhead","Instruction Replay Overhead",0.001604,0.001604,0.001604
"GeForce GTX 950 (0)","void ForEachTupleByteQuad<unsigned char, int=1, TupleByteQuadFunctor<unsigned char, int=1, FilterBoxReplicateBorder5x5QuadNew<unsigned char, int=1>>>(Tuple8<unsigned char, int=1>*, int, NppiSize, unsigned char)",1,"issue_slot_utilization","Issue Slot Utilization",42.993914%,42.993914%,42.993914%
"GeForce GTX 950 (0)","void ForEachTupleByteQuad<unsigned char, int=1, TupleByteQuadFunctor<unsigned char, int=1, FilterBoxReplicateBorder5x5QuadNew<unsigned char, int=1>>>(Tuple8<unsigned char, int=1>*, int, NppiSize, unsigned char)",1,"shared_load_transactions_per_request","Shared Memory Load Transactions Per Request",0.000000,0.000000,0.000000
"GeForce GTX 950 (0)","void ForEachTupleByteQuad<unsigned char, int=1, TupleByteQuadFunctor<unsigned char, int=1, FilterBoxReplicateBorder5x5QuadNew<unsigned char, int=1>>>(Tuple8<unsigned char, int=1>*, int, NppiSize, unsigned char)",1,"shared_store_transactions_per_request","Shared Memory Store Transactions Per Request",0.000000,0.000000,0.000000
"GeForce GTX 950 (0)","void ForEachTupleByteQuad<unsigned char, int=1, TupleByteQuadFunctor<unsigned char, int=1, FilterBoxReplicateBorder5x5QuadNew<unsigned char, int=1>>>(Tuple8<unsigned char, int=1>*, int, NppiSize, unsigned char)",1,"local_load_transactions_per_request","Local Memory Load Transactions Per Request",0.000000,0.000000,0.000000
"GeForce GTX 950 (0)","void ForEachTupleByteQuad<unsigned char, int=1, TupleByteQuadFunctor<unsigned char, int=1, FilterBoxReplicateBorder5x5QuadNew<unsigned char, int=1>>>(Tuple8<unsigned char, int=1>*, int, NppiSize, unsigned char)",1,"local_store_transactions_per_request","Local Memory Store Transactions Per Request",0.000000,0.000000,0.000000
"GeForce GTX 950 (0)","void ForEachTupleByteQuad<unsigned char, int=1, TupleByteQuadFunctor<unsigned char, int=1, FilterBoxReplicateBorder5x5QuadNew<unsigned char, int=1>>>(Tuple8<unsigned char, int=1>*, int, NppiSize, unsigned char)",1,"gld_transactions_per_request","Global Load Transactions Per Request",3.687500,3.687500,3.687500
"GeForce GTX 950 (0)","void ForEachTupleByteQuad<unsigned char, int=1, TupleByteQuadFunctor<unsigned char, int=1, FilterBoxReplicateBorder5x5QuadNew<unsigned char, int=1>>>(Tuple8<unsigned char, int=1>*, int, NppiSize, unsigned char)",1,"gst_transactions_per_request","Global Store Transactions Per Request",8.000000,8.000000,8.000000
"GeForce GTX 950 (0)","void ForEachTupleByteQuad<unsigned char, int=1, TupleByteQuadFunctor<unsigned char, int=1, FilterBoxReplicateBorder5x5QuadNew<unsigned char, int=1>>>(Tuple8<unsigned char, int=1>*, int, NppiSize, unsigned char)",1,"shared_store_transactions","Shared Store Transactions",0,0,0
"GeForce GTX 950 (0)","void ForEachTupleByteQuad<unsigned char, int=1, TupleByteQuadFunctor<unsigned char, int=1, FilterBoxReplicateBorder5x5QuadNew<unsigned char, int=1>>>(Tuple8<unsigned char, int=1>*, int, NppiSize, unsigned char)",1,"shared_load_transactions","Shared Load Transactions",0,0,0
"GeForce GTX 950 (0)","void ForEachTupleByteQuad<unsigned char, int=1, TupleByteQuadFunctor<unsigned char, int=1, FilterBoxReplicateBorder5x5QuadNew<unsigned char, int=1>>>(Tuple8<unsigned char, int=1>*, int, NppiSize, unsigned char)",1,"local_load_transactions","Local Load Transactions",0,0,0
"GeForce GTX 950 (0)","void ForEachTupleByteQuad<unsigned char, int=1, TupleByteQuadFunctor<unsigned char, int=1, FilterBoxReplicateBorder5x5QuadNew<unsigned char, int=1>>>(Tuple8<unsigned char, int=1>*, int, NppiSize, unsigned char)",1,"local_store_transactions","Local Store Transactions",0,0,0
"GeForce GTX 950 (0)","void ForEachTupleByteQuad<unsigned char, int=1, TupleByteQuadFunctor<unsigned char, int=1, FilterBoxReplicateBorder5x5QuadNew<unsigned char, int=1>>>(Tuple8<unsigned char, int=1>*, int, NppiSize, unsigned char)",1,"gld_transactions","Global Load Transactions",120832,120832,120832
"GeForce GTX 950 (0)","void ForEachTupleByteQuad<unsigned char, int=1, TupleByteQuadFunctor<unsigned char, int=1, FilterBoxReplicateBorder5x5QuadNew<unsigned char, int=1>>>(Tuple8<unsigned char, int=1>*, int, NppiSize, unsigned char)",1,"gst_transactions","Global Store Transactions",8192,8192,8192
"GeForce GTX 950 (0)","void ForEachTupleByteQuad<unsigned char, int=1, TupleByteQuadFunctor<unsigned char, int=1, FilterBoxReplicateBorder5x5QuadNew<unsigned char, int=1>>>(Tuple8<unsigned char, int=1>*, int, NppiSize, unsigned char)",1,"dram_read_transactions","Device Memory Read Transactions",9394,9394,9394
"GeForce GTX 950 (0)","void ForEachTupleByteQuad<unsigned char, int=1, TupleByteQuadFunctor<unsigned char, int=1, FilterBoxReplicateBorder5x5QuadNew<unsigned char, int=1>>>(Tuple8<unsigned char, int=1>*, int, NppiSize, unsigned char)",1,"dram_write_transactions","Device Memory Write Transactions",5307,5307,5307
"GeForce GTX 950 (0)","void ForEachTupleByteQuad<unsigned char, int=1, TupleByteQuadFunctor<unsigned char, int=1, FilterBoxReplicateBorder5x5QuadNew<unsigned char, int=1>>>(Tuple8<unsigned char, int=1>*, int, NppiSize, unsigned char)",1,"global_hit_rate","Global Hit Rate",23.728814%,23.728814%,23.728814%
"GeForce GTX 950 (0)","void ForEachTupleByteQuad<unsigned char, int=1, TupleByteQuadFunctor<unsigned char, int=1, FilterBoxReplicateBorder5x5QuadNew<unsigned char, int=1>>>(Tuple8<unsigned char, int=1>*, int, NppiSize, unsigned char)",1,"local_hit_rate","Local Hit Rate",0.000000%,0.000000%,0.000000%
"GeForce GTX 950 (0)","void ForEachTupleByteQuad<unsigned char, int=1, TupleByteQuadFunctor<unsigned char, int=1, FilterBoxReplicateBorder5x5QuadNew<unsigned char, int=1>>>(Tuple8<unsigned char, int=1>*, int, NppiSize, unsigned char)",1,"gld_requested_throughput","Requested Global Load Throughput",20.591502GB/s,20.591502GB/s,20.590611GB/s
"GeForce GTX 950 (0)","void ForEachTupleByteQuad<unsigned char, int=1, TupleByteQuadFunctor<unsigned char, int=1, FilterBoxReplicateBorder5x5QuadNew<unsigned char, int=1>>>(Tuple8<unsigned char, int=1>*, int, NppiSize, unsigned char)",1,"gst_requested_throughput","Requested Global Store Throughput",5.188410GB/s,5.188410GB/s,5.188398GB/s
"GeForce GTX 950 (0)","void ForEachTupleByteQuad<unsigned char, int=1, TupleByteQuadFunctor<unsigned char, int=1, FilterBoxReplicateBorder5x5QuadNew<unsigned char, int=1>>>(Tuple8<unsigned char, int=1>*, int, NppiSize, unsigned char)",1,"gld_throughput","Global Load Throughput",58.369611GB/s,58.369611GB/s,58.368780GB/s
"GeForce GTX 950 (0)","void ForEachTupleByteQuad<unsigned char, int=1, TupleByteQuadFunctor<unsigned char, int=1, FilterBoxReplicateBorder5x5QuadNew<unsigned char, int=1>>>(Tuple8<unsigned char, int=1>*, int, NppiSize, unsigned char)",1,"gst_throughput","Global Store Throughput",5.188410GB/s,5.188410GB/s,5.188398GB/s
"GeForce GTX 950 (0)","void ForEachTupleByteQuad<unsigned char, int=1, TupleByteQuadFunctor<unsigned char, int=1, FilterBoxReplicateBorder5x5QuadNew<unsigned char, int=1>>>(Tuple8<unsigned char, int=1>*, int, NppiSize, unsigned char)",1,"dram_read_throughput","Device Memory Read Throughput",5.949698GB/s,5.949698GB/s,5.949289GB/s
"GeForce GTX 950 (0)","void ForEachTupleByteQuad<unsigned char, int=1, TupleByteQuadFunctor<unsigned char, int=1, FilterBoxReplicateBorder5x5QuadNew<unsigned char, int=1>>>(Tuple8<unsigned char, int=1>*, int, NppiSize, unsigned char)",1,"dram_write_throughput","Device Memory Write Throughput",3.361193GB/s,3.361193GB/s,3.361143GB/s
"GeForce GTX 950 (0)","void ForEachTupleByteQuad<unsigned char, int=1, TupleByteQuadFunctor<unsigned char, int=1, FilterBoxReplicateBorder5x5QuadNew<unsigned char, int=1>>>(Tuple8<unsigned char, int=1>*, int, NppiSize, unsigned char)",1,"tex_cache_throughput","Unified Cache Throughput",36.318869GB/s,36.318869GB/s,36.318786GB/s
"GeForce GTX 950 (0)","void ForEachTupleByteQuad<unsigned char, int=1, TupleByteQuadFunctor<unsigned char, int=1, FilterBoxReplicateBorder5x5QuadNew<unsigned char, int=1>>>(Tuple8<unsigned char, int=1>*, int, NppiSize, unsigned char)",1,"local_load_throughput","Local Memory Load Throughput",0.000000B/s,0.000000B/s,0.000000B/s
"GeForce GTX 950 (0)","void ForEachTupleByteQuad<unsigned char, int=1, TupleByteQuadFunctor<unsigned char, int=1, FilterBoxReplicateBorder5x5QuadNew<unsigned char, int=1>>>(Tuple8<unsigned char, int=1>*, int, NppiSize, unsigned char)",1,"local_store_throughput","Local Memory Store Throughput",0.000000B/s,0.000000B/s,0.000000B/s
"GeForce GTX 950 (0)","void ForEachTupleByteQuad<unsigned char, int=1, TupleByteQuadFunctor<unsigned char, int=1, FilterBoxReplicateBorder5x5QuadNew<unsigned char, int=1>>>(Tuple8<unsigned char, int=1>*, int, NppiSize, unsigned char)",1,"shared_load_throughput","Shared Memory Load Throughput",0.000000B/s,0.000000B/s,0.000000B/s
"GeForce GTX 950 (0)","void ForEachTupleByteQuad<unsigned char, int=1, TupleByteQuadFunctor<unsigned char, int=1, FilterBoxReplicateBorder5x5QuadNew<unsigned char, int=1>>>(Tuple8<unsigned char, int=1>*, int, NppiSize, unsigned char)",1,"shared_store_throughput","Shared Memory Store Throughput",0.000000B/s,0.000000B/s,0.000000B/s
"GeForce GTX 950 (0)","void ForEachTupleByteQuad<unsigned char, int=1, TupleByteQuadFunctor<unsigned char, int=1, FilterBoxReplicateBorder5x5QuadNew<unsigned char, int=1>>>(Tuple8<unsigned char, int=1>*, int, NppiSize, unsigned char)",1,"gld_efficiency","Global Memory Load Efficiency",35.277778%,35.277778%,35.277778%
"GeForce GTX 950 (0)","void ForEachTupleByteQuad<unsigned char, int=1, TupleByteQuadFunctor<unsigned char, int=1, FilterBoxReplicateBorder5x5QuadNew<unsigned char, int=1>>>(Tuple8<unsigned char, int=1>*, int, NppiSize, unsigned char)",1,"gst_efficiency","Global Memory Store Efficiency",100.000000%,100.000000%,100.000000%
"GeForce GTX 950 (0)","void ForEachTupleByteQuad<unsigned char, int=1, TupleByteQuadFunctor<unsigned char, int=1, FilterBoxReplicateBorder5x5QuadNew<unsigned char, int=1>>>(Tuple8<unsigned char, int=1>*, int, NppiSize, unsigned char)",1,"tex_cache_transactions","Unified Cache Transactions",57344,57344,57344
"GeForce GTX 950 (0)","void ForEachTupleByteQuad<unsigned char, int=1, TupleByteQuadFunctor<unsigned char, int=1, FilterBoxReplicateBorder5x5QuadNew<unsigned char, int=1>>>(Tuple8<unsigned char, int=1>*, int, NppiSize, unsigned char)",1,"cf_fu_utilization","Control-Flow Function Unit Utilization","Low (1)","Low (1)","Low (1)"
"GeForce GTX 950 (0)","void ForEachTupleByteQuad<unsigned char, int=1, TupleByteQuadFunctor<unsigned char, int=1, FilterBoxReplicateBorder5x5QuadNew<unsigned char, int=1>>>(Tuple8<unsigned char, int=1>*, int, NppiSize, unsigned char)",1,"tex_fu_utilization","Texture Function Unit Utilization","Low (2)","Low (2)","Low (2)"
"GeForce GTX 950 (0)","void ForEachTupleByteQuad<unsigned char, int=1, TupleByteQuadFunctor<unsigned char, int=1, FilterBoxReplicateBorder5x5QuadNew<unsigned char, int=1>>>(Tuple8<unsigned char, int=1>*, int, NppiSize, unsigned char)",1,"ldst_fu_utilization","Load/Store Function Unit Utilization","Low (1)","Low (1)","Low (1)"
"GeForce GTX 950 (0)","void ForEachTupleByteQuad<unsigned char, int=1, TupleByteQuadFunctor<unsigned char, int=1, FilterBoxReplicateBorder5x5QuadNew<unsigned char, int=1>>>(Tuple8<unsigned char, int=1>*, int, NppiSize, unsigned char)",1,"double_precision_fu_utilization","Double-Precision Function Unit Utilization","Idle (0)","Idle (0)","Idle (0)"
"GeForce GTX 950 (0)","void ForEachTupleByteQuad<unsigned char, int=1, TupleByteQuadFunctor<unsigned char, int=1, FilterBoxReplicateBorder5x5QuadNew<unsigned char, int=1>>>(Tuple8<unsigned char, int=1>*, int, NppiSize, unsigned char)",1,"special_fu_utilization","Special Function Unit Utilization","Low (1)","Low (1)","Low (1)"
"GeForce GTX 950 (0)","void ForEachTupleByteQuad<unsigned char, int=1, TupleByteQuadFunctor<unsigned char, int=1, FilterBoxReplicateBorder5x5QuadNew<unsigned char, int=1>>>(Tuple8<unsigned char, int=1>*, int, NppiSize, unsigned char)",1,"single_precision_fu_utilization","Single-Precision Function Unit Utilization","Mid (4)","Mid (4)","Mid (4)"
"GeForce GTX 950 (0)","void ForEachTupleByteQuad<unsigned char, int=1, TupleByteQuadFunctor<unsigned char, int=1, FilterBoxReplicateBorder5x5QuadNew<unsigned char, int=1>>>(Tuple8<unsigned char, int=1>*, int, NppiSize, unsigned char)",1,"flop_count_dp","Floating Point Operations(Double Precision)",0,0,0
"GeForce GTX 950 (0)","void ForEachTupleByteQuad<unsigned char, int=1, TupleByteQuadFunctor<unsigned char, int=1, FilterBoxReplicateBorder5x5QuadNew<unsigned char, int=1>>>(Tuple8<unsigned char, int=1>*, int, NppiSize, unsigned char)",1,"flop_count_dp_add","Floating Point Operations(Double Precision Add)",0,0,0
"GeForce GTX 950 (0)","void ForEachTupleByteQuad<unsigned char, int=1, TupleByteQuadFunctor<unsigned char, int=1, FilterBoxReplicateBorder5x5QuadNew<unsigned char, int=1>>>(Tuple8<unsigned char, int=1>*, int, NppiSize, unsigned char)",1,"flop_count_dp_fma","Floating Point Operations(Double Precision FMA)",0,0,0
"GeForce GTX 950 (0)","void ForEachTupleByteQuad<unsigned char, int=1, TupleByteQuadFunctor<unsigned char, int=1, FilterBoxReplicateBorder5x5QuadNew<unsigned char, int=1>>>(Tuple8<unsigned char, int=1>*, int, NppiSize, unsigned char)",1,"flop_count_dp_mul","Floating Point Operations(Double Precision Mul)",0,0,0
"GeForce GTX 950 (0)","void ForEachTupleByteQuad<unsigned char, int=1, TupleByteQuadFunctor<unsigned char, int=1, FilterBoxReplicateBorder5x5QuadNew<unsigned char, int=1>>>(Tuple8<unsigned char, int=1>*, int, NppiSize, unsigned char)",1,"flop_count_sp","Floating Point Operations(Single Precision)",262144,262144,262144
"GeForce GTX 950 (0)","void ForEachTupleByteQuad<unsigned char, int=1, TupleByteQuadFunctor<unsigned char, int=1, FilterBoxReplicateBorder5x5QuadNew<unsigned char, int=1>>>(Tuple8<unsigned char, int=1>*, int, NppiSize, unsigned char)",1,"flop_count_sp_add","Floating Point Operations(Single Precision Add)",0,0,0
"GeForce GTX 950 (0)","void ForEachTupleByteQuad<unsigned char, int=1, TupleByteQuadFunctor<unsigned char, int=1, FilterBoxReplicateBorder5x5QuadNew<unsigned char, int=1>>>(Tuple8<unsigned char, int=1>*, int, NppiSize, unsigned char)",1,"flop_count_sp_fma","Floating Point Operations(Single Precision FMA)",0,0,0
"GeForce GTX 950 (0)","void ForEachTupleByteQuad<unsigned char, int=1, TupleByteQuadFunctor<unsigned char, int=1, FilterBoxReplicateBorder5x5QuadNew<unsigned char, int=1>>>(Tuple8<unsigned char, int=1>*, int, NppiSize, unsigned char)",1,"flop_count_sp_mul","Floating Point Operation(Single Precision Mul)",262144,262144,262144
"GeForce GTX 950 (0)","void ForEachTupleByteQuad<unsigned char, int=1, TupleByteQuadFunctor<unsigned char, int=1, FilterBoxReplicateBorder5x5QuadNew<unsigned char, int=1>>>(Tuple8<unsigned char, int=1>*, int, NppiSize, unsigned char)",1,"flop_count_sp_special","Floating Point Operations(Single Precision Special)",0,0,0
"GeForce GTX 950 (0)","void ForEachTupleByteQuad<unsigned char, int=1, TupleByteQuadFunctor<unsigned char, int=1, FilterBoxReplicateBorder5x5QuadNew<unsigned char, int=1>>>(Tuple8<unsigned char, int=1>*, int, NppiSize, unsigned char)",1,"inst_executed","Instructions Executed",480822,480822,480822
"GeForce GTX 950 (0)","void ForEachTupleByteQuad<unsigned char, int=1, TupleByteQuadFunctor<unsigned char, int=1, FilterBoxReplicateBorder5x5QuadNew<unsigned char, int=1>>>(Tuple8<unsigned char, int=1>*, int, NppiSize, unsigned char)",1,"inst_issued","Instructions Issued",481593,481593,481593
"GeForce GTX 950 (0)","void ForEachTupleByteQuad<unsigned char, int=1, TupleByteQuadFunctor<unsigned char, int=1, FilterBoxReplicateBorder5x5QuadNew<unsigned char, int=1>>>(Tuple8<unsigned char, int=1>*, int, NppiSize, unsigned char)",1,"dram_utilization","Device Memory Utilization","Low (1)","Low (1)","Low (1)"
"GeForce GTX 950 (0)","void ForEachTupleByteQuad<unsigned char, int=1, TupleByteQuadFunctor<unsigned char, int=1, FilterBoxReplicateBorder5x5QuadNew<unsigned char, int=1>>>(Tuple8<unsigned char, int=1>*, int, NppiSize, unsigned char)",1,"tex_utilization","Unified Cache Utilization","Low (1)","Low (1)","Low (1)"
"GeForce GTX 950 (0)","void ForEachTupleByteQuad<unsigned char, int=1, TupleByteQuadFunctor<unsigned char, int=1, FilterBoxReplicateBorder5x5QuadNew<unsigned char, int=1>>>(Tuple8<unsigned char, int=1>*, int, NppiSize, unsigned char)",1,"shared_efficiency","Shared Memory Efficiency",0.000000%,0.000000%,0.000000%
"GeForce GTX 950 (0)","void ForEachTupleByteQuad<unsigned char, int=1, TupleByteQuadFunctor<unsigned char, int=1, FilterBoxReplicateBorder5x5QuadNew<unsigned char, int=1>>>(Tuple8<unsigned char, int=1>*, int, NppiSize, unsigned char)",1,"shared_utilization","Shared Memory Utilization","Idle (0)","Idle (0)","Idle (0)"
"GeForce GTX 950 (0)","void ForEachTupleByteQuad<unsigned char, int=1, TupleByteQuadFunctor<unsigned char, int=1, FilterBoxReplicateBorder5x5QuadNew<unsigned char, int=1>>>(Tuple8<unsigned char, int=1>*, int, NppiSize, unsigned char)",1,"inst_fp_32","FP Instructions(Single)",262144,262144,262144
"GeForce GTX 950 (0)","void ForEachTupleByteQuad<unsigned char, int=1, TupleByteQuadFunctor<unsigned char, int=1, FilterBoxReplicateBorder5x5QuadNew<unsigned char, int=1>>>(Tuple8<unsigned char, int=1>*, int, NppiSize, unsigned char)",1,"inst_fp_64","FP Instructions(Double)",0,0,0
"GeForce GTX 950 (0)","void ForEachTupleByteQuad<unsigned char, int=1, TupleByteQuadFunctor<unsigned char, int=1, FilterBoxReplicateBorder5x5QuadNew<unsigned char, int=1>>>(Tuple8<unsigned char, int=1>*, int, NppiSize, unsigned char)",1,"inst_integer","Integer Instructions",7034048,7034048,7034048
"GeForce GTX 950 (0)","void ForEachTupleByteQuad<unsigned char, int=1, TupleByteQuadFunctor<unsigned char, int=1, FilterBoxReplicateBorder5x5QuadNew<unsigned char, int=1>>>(Tuple8<unsigned char, int=1>*, int, NppiSize, unsigned char)",1,"inst_bit_convert","Bit-Convert Instructions",524288,524288,524288
"GeForce GTX 950 (0)","void ForEachTupleByteQuad<unsigned char, int=1, TupleByteQuadFunctor<unsigned char, int=1, FilterBoxReplicateBorder5x5QuadNew<unsigned char, int=1>>>(Tuple8<unsigned char, int=1>*, int, NppiSize, unsigned char)",1,"inst_control","Control-Flow Instructions",337856,337856,337856
"GeForce GTX 950 (0)","void ForEachTupleByteQuad<unsigned char, int=1, TupleByteQuadFunctor<unsigned char, int=1, FilterBoxReplicateBorder5x5QuadNew<unsigned char, int=1>>>(Tuple8<unsigned char, int=1>*, int, NppiSize, unsigned char)",1,"inst_compute_ld_st","Load/Store Instructions",311296,311296,311296
"GeForce GTX 950 (0)","void ForEachTupleByteQuad<unsigned char, int=1, TupleByteQuadFunctor<unsigned char, int=1, FilterBoxReplicateBorder5x5QuadNew<unsigned char, int=1>>>(Tuple8<unsigned char, int=1>*, int, NppiSize, unsigned char)",1,"inst_misc","Misc Instructions",476648,476648,476648
"GeForce GTX 950 (0)","void ForEachTupleByteQuad<unsigned char, int=1, TupleByteQuadFunctor<unsigned char, int=1, FilterBoxReplicateBorder5x5QuadNew<unsigned char, int=1>>>(Tuple8<unsigned char, int=1>*, int, NppiSize, unsigned char)",1,"inst_inter_thread_communication","Inter-Thread Instructions",0,0,0
"GeForce GTX 950 (0)","void ForEachTupleByteQuad<unsigned char, int=1, TupleByteQuadFunctor<unsigned char, int=1, FilterBoxReplicateBorder5x5QuadNew<unsigned char, int=1>>>(Tuple8<unsigned char, int=1>*, int, NppiSize, unsigned char)",1,"issue_slots","Issue Slots",431467,431467,431467
"GeForce GTX 950 (0)","void ForEachTupleByteQuad<unsigned char, int=1, TupleByteQuadFunctor<unsigned char, int=1, FilterBoxReplicateBorder5x5QuadNew<unsigned char, int=1>>>(Tuple8<unsigned char, int=1>*, int, NppiSize, unsigned char)",1,"cf_issued","Issued Control-Flow Instructions",15110,15110,15110
"GeForce GTX 950 (0)","void ForEachTupleByteQuad<unsigned char, int=1, TupleByteQuadFunctor<unsigned char, int=1, FilterBoxReplicateBorder5x5QuadNew<unsigned char, int=1>>>(Tuple8<unsigned char, int=1>*, int, NppiSize, unsigned char)",1,"cf_executed","Executed Control-Flow Instructions",15110,15110,15110
"GeForce GTX 950 (0)","void ForEachTupleByteQuad<unsigned char, int=1, TupleByteQuadFunctor<unsigned char, int=1, FilterBoxReplicateBorder5x5QuadNew<unsigned char, int=1>>>(Tuple8<unsigned char, int=1>*, int, NppiSize, unsigned char)",1,"ldst_issued","Issued Load/Store Instructions",66560,66560,66560
"GeForce GTX 950 (0)","void ForEachTupleByteQuad<unsigned char, int=1, TupleByteQuadFunctor<unsigned char, int=1, FilterBoxReplicateBorder5x5QuadNew<unsigned char, int=1>>>(Tuple8<unsigned char, int=1>*, int, NppiSize, unsigned char)",1,"ldst_executed","Executed Load/Store Instructions",34816,34816,34816
"GeForce GTX 950 (0)","void ForEachTupleByteQuad<unsigned char, int=1, TupleByteQuadFunctor<unsigned char, int=1, FilterBoxReplicateBorder5x5QuadNew<unsigned char, int=1>>>(Tuple8<unsigned char, int=1>*, int, NppiSize, unsigned char)",1,"atomic_transactions","Atomic Transactions",0,0,0
"GeForce GTX 950 (0)","void ForEachTupleByteQuad<unsigned char, int=1, TupleByteQuadFunctor<unsigned char, int=1, FilterBoxReplicateBorder5x5QuadNew<unsigned char, int=1>>>(Tuple8<unsigned char, int=1>*, int, NppiSize, unsigned char)",1,"atomic_transactions_per_request","Atomic Transactions Per Request",0.000000,0.000000,0.000000
"GeForce GTX 950 (0)","void ForEachTupleByteQuad<unsigned char, int=1, TupleByteQuadFunctor<unsigned char, int=1, FilterBoxReplicateBorder5x5QuadNew<unsigned char, int=1>>>(Tuple8<unsigned char, int=1>*, int, NppiSize, unsigned char)",1,"stall_inst_fetch","Issue Stall Reasons (Instructions Fetch)",27.569017%,27.569017%,27.569017%
"GeForce GTX 950 (0)","void ForEachTupleByteQuad<unsigned char, int=1, TupleByteQuadFunctor<unsigned char, int=1, FilterBoxReplicateBorder5x5QuadNew<unsigned char, int=1>>>(Tuple8<unsigned char, int=1>*, int, NppiSize, unsigned char)",1,"stall_exec_dependency","Issue Stall Reasons (Execution Dependency)",12.769294%,12.769294%,12.769294%
"GeForce GTX 950 (0)","void ForEachTupleByteQuad<unsigned char, int=1, TupleByteQuadFunctor<unsigned char, int=1, FilterBoxReplicateBorder5x5QuadNew<unsigned char, int=1>>>(Tuple8<unsigned char, int=1>*, int, NppiSize, unsigned char)",1,"stall_memory_dependency","Issue Stall Reasons (Data Request)",29.833698%,29.833698%,29.833698%
"GeForce GTX 950 (0)","void ForEachTupleByteQuad<unsigned char, int=1, TupleByteQuadFunctor<unsigned char, int=1, FilterBoxReplicateBorder5x5QuadNew<unsigned char, int=1>>>(Tuple8<unsigned char, int=1>*, int, NppiSize, unsigned char)",1,"stall_texture","Issue Stall Reasons (Texture)",0.033566%,0.033566%,0.033566%
"GeForce GTX 950 (0)","void ForEachTupleByteQuad<unsigned char, int=1, TupleByteQuadFunctor<unsigned char, int=1, FilterBoxReplicateBorder5x5QuadNew<unsigned char, int=1>>>(Tuple8<unsigned char, int=1>*, int, NppiSize, unsigned char)",1,"stall_sync","Issue Stall Reasons (Synchronization)",0.000000%,0.000000%,0.000000%
"GeForce GTX 950 (0)","void ForEachTupleByteQuad<unsigned char, int=1, TupleByteQuadFunctor<unsigned char, int=1, FilterBoxReplicateBorder5x5QuadNew<unsigned char, int=1>>>(Tuple8<unsigned char, int=1>*, int, NppiSize, unsigned char)",1,"stall_other","Issue Stall Reasons (Other)",8.432123%,8.432123%,8.432123%
"GeForce GTX 950 (0)","void ForEachTupleByteQuad<unsigned char, int=1, TupleByteQuadFunctor<unsigned char, int=1, FilterBoxReplicateBorder5x5QuadNew<unsigned char, int=1>>>(Tuple8<unsigned char, int=1>*, int, NppiSize, unsigned char)",1,"stall_constant_memory_dependency","Issue Stall Reasons (Immediate constant)",1.665410%,1.665410%,1.665410%
"GeForce GTX 950 (0)","void ForEachTupleByteQuad<unsigned char, int=1, TupleByteQuadFunctor<unsigned char, int=1, FilterBoxReplicateBorder5x5QuadNew<unsigned char, int=1>>>(Tuple8<unsigned char, int=1>*, int, NppiSize, unsigned char)",1,"stall_pipe_busy","Issue Stall Reasons (Pipe Busy)",9.795380%,9.795380%,9.795380%
"GeForce GTX 950 (0)","void ForEachTupleByteQuad<unsigned char, int=1, TupleByteQuadFunctor<unsigned char, int=1, FilterBoxReplicateBorder5x5QuadNew<unsigned char, int=1>>>(Tuple8<unsigned char, int=1>*, int, NppiSize, unsigned char)",1,"stall_memory_throttle","Issue Stall Reasons (Memory Throttle)",0.158351%,0.158351%,0.158351%
"GeForce GTX 950 (0)","void ForEachTupleByteQuad<unsigned char, int=1, TupleByteQuadFunctor<unsigned char, int=1, FilterBoxReplicateBorder5x5QuadNew<unsigned char, int=1>>>(Tuple8<unsigned char, int=1>*, int, NppiSize, unsigned char)",1,"stall_not_selected","Issue Stall Reasons (Not Selected)",9.743162%,9.743162%,9.743162%
"GeForce GTX 950 (0)","void ForEachTupleByteQuad<unsigned char, int=1, TupleByteQuadFunctor<unsigned char, int=1, FilterBoxReplicateBorder5x5QuadNew<unsigned char, int=1>>>(Tuple8<unsigned char, int=1>*, int, NppiSize, unsigned char)",1,"sysmem_read_transactions","System Memory Read Transactions",0,0,0
"GeForce GTX 950 (0)","void ForEachTupleByteQuad<unsigned char, int=1, TupleByteQuadFunctor<unsigned char, int=1, FilterBoxReplicateBorder5x5QuadNew<unsigned char, int=1>>>(Tuple8<unsigned char, int=1>*, int, NppiSize, unsigned char)",1,"sysmem_write_transactions","System Memory Write Transactions",5,5,5
"GeForce GTX 950 (0)","void ForEachTupleByteQuad<unsigned char, int=1, TupleByteQuadFunctor<unsigned char, int=1, FilterBoxReplicateBorder5x5QuadNew<unsigned char, int=1>>>(Tuple8<unsigned char, int=1>*, int, NppiSize, unsigned char)",1,"l2_read_transactions","L2 Read Transactions",94183,94183,94183
"GeForce GTX 950 (0)","void ForEachTupleByteQuad<unsigned char, int=1, TupleByteQuadFunctor<unsigned char, int=1, FilterBoxReplicateBorder5x5QuadNew<unsigned char, int=1>>>(Tuple8<unsigned char, int=1>*, int, NppiSize, unsigned char)",1,"l2_write_transactions","L2 Write Transactions",8198,8198,8198
"GeForce GTX 950 (0)","void ForEachTupleByteQuad<unsigned char, int=1, TupleByteQuadFunctor<unsigned char, int=1, FilterBoxReplicateBorder5x5QuadNew<unsigned char, int=1>>>(Tuple8<unsigned char, int=1>*, int, NppiSize, unsigned char)",1,"ecc_transactions","ECC Transactions",0,0,0
"GeForce GTX 950 (0)","void ForEachTupleByteQuad<unsigned char, int=1, TupleByteQuadFunctor<unsigned char, int=1, FilterBoxReplicateBorder5x5QuadNew<unsigned char, int=1>>>(Tuple8<unsigned char, int=1>*, int, NppiSize, unsigned char)",1,"local_memory_overhead","Local Memory Overhead",0.000000%,0.000000%,0.000000%
"GeForce GTX 950 (0)","void ForEachTupleByteQuad<unsigned char, int=1, TupleByteQuadFunctor<unsigned char, int=1, FilterBoxReplicateBorder5x5QuadNew<unsigned char, int=1>>>(Tuple8<unsigned char, int=1>*, int, NppiSize, unsigned char)",1,"tex_cache_hit_rate","Unified Cache Hit Rate",22.222222%,22.222222%,22.222222%
"GeForce GTX 950 (0)","void ForEachTupleByteQuad<unsigned char, int=1, TupleByteQuadFunctor<unsigned char, int=1, FilterBoxReplicateBorder5x5QuadNew<unsigned char, int=1>>>(Tuple8<unsigned char, int=1>*, int, NppiSize, unsigned char)",1,"l2_tex_read_hit_rate","L2 Hit Rate (Texture Reads)",91.128472%,91.128472%,91.128472%
"GeForce GTX 950 (0)","void ForEachTupleByteQuad<unsigned char, int=1, TupleByteQuadFunctor<unsigned char, int=1, FilterBoxReplicateBorder5x5QuadNew<unsigned char, int=1>>>(Tuple8<unsigned char, int=1>*, int, NppiSize, unsigned char)",1,"l2_tex_write_hit_rate","L2 Hit Rate (Texture Writes)",85.449219%,85.449219%,85.449219%
"GeForce GTX 950 (0)","void ForEachTupleByteQuad<unsigned char, int=1, TupleByteQuadFunctor<unsigned char, int=1, FilterBoxReplicateBorder5x5QuadNew<unsigned char, int=1>>>(Tuple8<unsigned char, int=1>*, int, NppiSize, unsigned char)",1,"l2_tex_read_throughput","L2 Throughput (Texture Reads)",58.369611GB/s,58.369611GB/s,58.368780GB/s
"GeForce GTX 950 (0)","void ForEachTupleByteQuad<unsigned char, int=1, TupleByteQuadFunctor<unsigned char, int=1, FilterBoxReplicateBorder5x5QuadNew<unsigned char, int=1>>>(Tuple8<unsigned char, int=1>*, int, NppiSize, unsigned char)",1,"l2_tex_write_throughput","L2 Throughput (Texture Writes)",5.188410GB/s,5.188410GB/s,5.188398GB/s
"GeForce GTX 950 (0)","void ForEachTupleByteQuad<unsigned char, int=1, TupleByteQuadFunctor<unsigned char, int=1, FilterBoxReplicateBorder5x5QuadNew<unsigned char, int=1>>>(Tuple8<unsigned char, int=1>*, int, NppiSize, unsigned char)",1,"l2_tex_read_transactions","L2 Transactions (Texture Reads)",92160,92160,92160
"GeForce GTX 950 (0)","void ForEachTupleByteQuad<unsigned char, int=1, TupleByteQuadFunctor<unsigned char, int=1, FilterBoxReplicateBorder5x5QuadNew<unsigned char, int=1>>>(Tuple8<unsigned char, int=1>*, int, NppiSize, unsigned char)",1,"l2_tex_write_transactions","L2 Transactions (Texture Writes)",8192,8192,8192
"GeForce GTX 950 (0)","void ForEachTupleByteQuad<unsigned char, int=1, TupleByteQuadFunctor<unsigned char, int=1, FilterBoxReplicateBorder5x5QuadNew<unsigned char, int=1>>>(Tuple8<unsigned char, int=1>*, int, NppiSize, unsigned char)",1,"l2_read_throughput","L2 Throughput (Reads)",59.650879GB/s,59.650879GB/s,59.650280GB/s
"GeForce GTX 950 (0)","void ForEachTupleByteQuad<unsigned char, int=1, TupleByteQuadFunctor<unsigned char, int=1, FilterBoxReplicateBorder5x5QuadNew<unsigned char, int=1>>>(Tuple8<unsigned char, int=1>*, int, NppiSize, unsigned char)",1,"l2_write_throughput","L2 Throughput (Writes)",5.192210GB/s,5.192210GB/s,5.192123GB/s
"GeForce GTX 950 (0)","void ForEachTupleByteQuad<unsigned char, int=1, TupleByteQuadFunctor<unsigned char, int=1, FilterBoxReplicateBorder5x5QuadNew<unsigned char, int=1>>>(Tuple8<unsigned char, int=1>*, int, NppiSize, unsigned char)",1,"sysmem_read_throughput","System Memory Read Throughput",0.000000B/s,0.000000B/s,0.000000B/s
"GeForce GTX 950 (0)","void ForEachTupleByteQuad<unsigned char, int=1, TupleByteQuadFunctor<unsigned char, int=1, FilterBoxReplicateBorder5x5QuadNew<unsigned char, int=1>>>(Tuple8<unsigned char, int=1>*, int, NppiSize, unsigned char)",1,"sysmem_write_throughput","System Memory Write Throughput",3.242756MB/s,3.242756MB/s,2.861023MB/s
"GeForce GTX 950 (0)","void ForEachTupleByteQuad<unsigned char, int=1, TupleByteQuadFunctor<unsigned char, int=1, FilterBoxReplicateBorder5x5QuadNew<unsigned char, int=1>>>(Tuple8<unsigned char, int=1>*, int, NppiSize, unsigned char)",1,"l2_utilization","L2 Cache Utilization","Low (3)","Low (3)","Low (3)"
"GeForce GTX 950 (0)","void ForEachTupleByteQuad<unsigned char, int=1, TupleByteQuadFunctor<unsigned char, int=1, FilterBoxReplicateBorder5x5QuadNew<unsigned char, int=1>>>(Tuple8<unsigned char, int=1>*, int, NppiSize, unsigned char)",1,"l2_atomic_throughput","L2 Throughput (Atomic requests)",0.000000B/s,0.000000B/s,0.000000B/s
"GeForce GTX 950 (0)","void ForEachTupleByteQuad<unsigned char, int=1, TupleByteQuadFunctor<unsigned char, int=1, FilterBoxReplicateBorder5x5QuadNew<unsigned char, int=1>>>(Tuple8<unsigned char, int=1>*, int, NppiSize, unsigned char)",1,"l2_atomic_transactions","L2 Transactions (Atomic requests)",0,0,0
"GeForce GTX 950 (0)","void ForEachTupleByteQuad<unsigned char, int=1, TupleByteQuadFunctor<unsigned char, int=1, FilterBoxReplicateBorder5x5QuadNew<unsigned char, int=1>>>(Tuple8<unsigned char, int=1>*, int, NppiSize, unsigned char)",1,"sysmem_utilization","System Memory Utilization","Low (1)","Low (1)","Low (1)"
"GeForce GTX 950 (0)","void ForEachTupleByteQuad<unsigned char, int=1, TupleByteQuadFunctor<unsigned char, int=1, FilterBoxReplicateBorder5x5QuadNew<unsigned char, int=1>>>(Tuple8<unsigned char, int=1>*, int, NppiSize, unsigned char)",1,"ecc_throughput","ECC Throughput",0.000000B/s,0.000000B/s,0.000000B/s
"GeForce GTX 950 (0)","void ForEachTupleByteQuad<unsigned char, int=1, TupleByteQuadFunctor<unsigned char, int=1, FilterBoxReplicateBorder5x5QuadNew<unsigned char, int=1>>>(Tuple8<unsigned char, int=1>*, int, NppiSize, unsigned char)",1,"sysmem_read_utilization","System Memory Read Utilization","Idle (0)","Idle (0)","Idle (0)"
"GeForce GTX 950 (0)","void ForEachTupleByteQuad<unsigned char, int=1, TupleByteQuadFunctor<unsigned char, int=1, FilterBoxReplicateBorder5x5QuadNew<unsigned char, int=1>>>(Tuple8<unsigned char, int=1>*, int, NppiSize, unsigned char)",1,"sysmem_write_utilization","System Memory Write Utilization","Low (1)","Low (1)","Low (1)"
"GeForce GTX 950 (0)","void ForEachTupleByteQuad<unsigned char, int=1, TupleByteQuadFunctor<unsigned char, int=1, FilterBoxReplicateBorder5x5QuadNew<unsigned char, int=1>>>(Tuple8<unsigned char, int=1>*, int, NppiSize, unsigned char)",1,"eligible_warps_per_cycle","Eligible Warps Per Active Cycle",3.849698,3.849698,3.849698
"GeForce GTX 950 (0)","void ForEachTupleByteQuad<unsigned char, int=1, TupleByteQuadFunctor<unsigned char, int=1, FilterBoxReplicateBorder5x5QuadNew<unsigned char, int=1>>>(Tuple8<unsigned char, int=1>*, int, NppiSize, unsigned char)",1,"flop_sp_efficiency","FLOP Efficiency(Peak Single)",0.293605%,0.293605%,0.293605%
"GeForce GTX 950 (0)","void ForEachTupleByteQuad<unsigned char, int=1, TupleByteQuadFunctor<unsigned char, int=1, FilterBoxReplicateBorder5x5QuadNew<unsigned char, int=1>>>(Tuple8<unsigned char, int=1>*, int, NppiSize, unsigned char)",1,"flop_dp_efficiency","FLOP Efficiency(Peak Double)",0.000000%,0.000000%,0.000000%
